org,name,mst,effective,source,n,file,건폐율_보전관리,용적률_보전관리,건폐율_생산관리,용적률_생산관리,건폐율_계획관리,용적률_계획관리,건폐율_보전녹지,용적률_보전녹지,건폐율_생산녹지,용적률_생산녹지,건폐율_자연녹지,용적률_자연녹지,건폐율_농림,용적률_농림,건폐율_자연환경보전,용적률_자연환경보전,경사도_도,표고_m,입목축적_pct
강원특별자치도,강원특별자치도 도시계획 조례,2143463,20260703,web-html,4,강원특별자치도_강원특별자치도_도시계획_조례.json,,,,,,,,,,,,,,,,,,,
강원특별자치도 강릉시,강릉시 도시계획 조례,2102673,20251231,web-html,40,강원특별자치도_강릉시_강릉시_도시계획_조례.json,20,80,20,80,40,100,20,80,20,100,20,100,20,80,20,80,20,,
강원특별자치도 고성군,고성군 군계획 조례,2136061,20260629,web-html,29,강원특별자치도_고성군_고성군_군계획_조례.json,20,80,20,80,40,100,20,80,20,100,20,100,20,80,20,80,20,,
강원특별자치도 동해시,동해시 도시계획 조례,2091767,20251212,web-html,26,강원특별자치도_동해시_동해시_도시계획_조례.json,20,80,20,80,40,100,20,80,20,100,20,100,20,80,20,80,20,,
강원특별자치도 삼척시,삼척시 도시계획 조례,2165579,20260901,web-html,15,강원특별자치도_삼척시_삼척시_도시계획_조례.json,20,80,20,80,40,50,20,80,20,100,20,100,20,30,20,80,20,,150
강원특별자치도 속초시,속초시 도시계획 조례,2121085,20260410,web-html,12,강원특별자치도_속초시_속초시_도시계획_조례.json,20,80,20,80,40,100,20,80,20,100,20,100,20,80,20,80,30,,150
강원특별자치도 양구군,양구군 도시계획조례,2094605,20251219,web-html,26,강원특별자치도_양구군_양구군_도시계획조례.json,20,80,20,80,40,100,20,80,20,100,20,100,20,80,20,80,25,,150
강원특별자치도 양양군,양양군 군계획 조례,2102945,20251231,web-html,30,강원특별자치도_양양군_양양군_군계획_조례.json,20,80,20,80,40,100,20,80,20,100,20,100,20,80,20,80,,,
강원특별자치도 영월군,영월군 군계획 조례,2109147,20260206,web-html,29,강원특별자치도_영월군_영월군_군계획_조례.json,20,80,20,80,40,100,20,80,20,100,20,100,20,80,20,80,25,,150
강원특별자치도 원주시,원주시 도시계획 조례,2106795,20251231,web-html,39,강원특별자치도_원주시_원주시_도시계획_조례.json,20,80,20,80,40,100,20,80,20,100,20,100,20,80,20,80,17,,130
강원특별자치도 인제군,인제군 군계획 조례,2099217,20251229,web-html,25,강원특별자치도_인제군_인제군_군계획_조례.json,20,80,20,80,40,100,20,80,20,100,20,100,20,80,20,80,25,,150
강원특별자치도 정선군,정선군 군계획 조례,2029433,20250415,web-html,19,강원특별자치도_정선군_정선군_군계획_조례.json,20,80,20,80,40,100,20,80,20,100,20,100,20,80,20,80,20,,150
강원특별자치도 철원군,철원군 도시계획조례,2165573,20260828,web-html,24,강원특별자치도_철원군_철원군_도시계획조례.json,20,80,20,80,40,100,20,80,20,100,20,100,20,80,20,80,25,50,150
강원특별자치도 춘천시,춘천시 도시계획 조례,2160495,20260813,web-html,30,강원특별자치도_춘천시_춘천시_도시계획_조례.json,20,80,20,80,40,100,20,80,20,100,20,100,20,80,20,80,25,,130
강원특별자치도 태백시,태백시 도시계획 조례,2110049,20260213,web-html,29,강원특별자치도_태백시_태백시_도시계획_조례.json,20,80,20,80,40,100,20,80,20,100,20,100,20,80,20,80,22,,150
강원특별자치도 평창군,평창군 군계획 조례,1979117,20241025,web-html,34,강원특별자치도_평창군_평창군_군계획_조례.json,20,80,20,80,40,100,20,80,20,100,20,100,30,120,20,80,25,,150
강원특별자치도 홍천군,홍천군 군계획 조례,2121139,20260410,web-html,42,강원특별자치도_홍천군_홍천군_군계획_조례.json,20,80,20,80,40,100,20,80,20,100,20,100,20,80,20,80,25,,150
강원특별자치도 화천군,화천군 군계획 조례,2117227,20260327,web-html,25,강원특별자치도_화천군_화천군_군계획_조례.json,20,80,20,80,40,100,20,80,20,100,20,100,20,80,20,80,25,,150
강원특별자치도 횡성군,횡성군 군계획 조례,2125215,20260416,web-html,28,강원특별자치도_횡성군_횡성군_군계획_조례.json,20,80,20,80,40,100,20,80,20,100,20,100,20,80,20,80,20,,150
경기도,경기도 도시계획 조례,2136213,20260629,web-html,3,경기도_경기도_도시계획_조례.json,,,,,,,,,,,,,,,,,,,
경기도 가평군,가평군 군계획 조례,2124585,20260420,web-html,39,경기도_가평군_가평군_군계획_조례.json,20,80,20,80,40,100,20,80,20,100,20,100,20,,20,,25,,150
경기도 고양시,고양시 도시계획 조례,2086131,20251114,web-html,31,경기도_고양시_고양시_도시계획_조례.json,20,80,20,80,40,100,20,50,20,90,20,100,20,80,20,,15,,
경기도 과천시,과천시 도시계획 조례,2078539,20251010,web-html,18,경기도_과천시_과천시_도시계획_조례.json,,,,,,,20,50,,,20,60,,,,,15,30,
경기도 광명시,광명시 도시계획 조례,2157445,20260805,web-html,15,경기도_광명시_광명시_도시계획_조례.json,,,,,,,20,50,20,100,20,80,,,,,,,
경기도 광주시,광주시 도시계획 조례,2123363,20260415,web-html,48,경기도_광주시_광주시_도시계획_조례.json,20,80,20,80,40,100,20,80,20,80,20,100,20,50,20,50,20,50,150
경기도 구리시,구리시 도시계획 조례,2089953,20251202,web-html,29,경기도_구리시_구리시_도시계획_조례.json,,,,,,,20,80,,,20,100,,,,,21,,
경기도 군포시,군포시 도시계획 조례,2077621,20251010,web-html,22,경기도_군포시_군포시_도시계획_조례.json,,,,,,,,,,,,,,,,,15,100,
경기도 김포시,김포시 도시계획 조례,2036273,20250512,web-html,19,경기도_김포시_김포시_도시계획_조례.json,20,80,20,80,40,100,20,80,20,100,20,100,20,80,20,80,18,,150
경기도 남양주시,남양주시 도시계획 조례,2099095,20251229,web-html,38,경기도_남양주시_남양주시_도시계획_조례.json,20,60,20,80,40,100,20,80,20,100,20,100,20,60,20,60,,,
경기도 동두천시,동두천시 도시계획 조례,2127631,20260506,web-html,21,경기도_동두천시_동두천시_도시계획_조례.json,20,80,20,80,40,100,20,80,20,100,20,100,20,80,20,80,23,,
경기도 부천시,부천시 도시계획 조례,2144525,20260706,web-html,25,경기도_부천시_부천시_도시계획_조례.json,,,,,,,20,50,20,50,20,80,,,,,15,75,50
경기도 성남시,성남시 도시계획 조례,2111431,20260224,web-html,13,경기도_성남시_성남시_도시계획_조례.json,,,,,,,20,70,20,50,20,100,,,,,15,,100
경기도 수원시,수원시 도시계획 조례,2102141,20251231,web-html,29,경기도_수원시_수원시_도시계획_조례.json,,,,,,,20,50,20,100,20,100,,,,,10,100,
경기도 시흥시,시흥시 도시계획 조례,2164147,20260820,web-html,11,경기도_시흥시_시흥시_도시계획_조례.json,,,,,,,20,80,,,20,100,,,,,17,,130
경기도 안산시,안산시 도시계획 조례,2067975,20250919,web-html,29,경기도_안산시_안산시_도시계획_조례.json,,,,,,,20,50,20,80,20,80,,,20,50,17,40,130
경기도 안성시,안성시 도시계획 조례,2121099,20260410,web-html,26,경기도_안성시_안성시_도시계획_조례.json,20,80,20,80,40,100,20,80,20,100,20,100,20,80,20,80,25,,150
경기도 안양시,안양시 도시계획 조례,2117933,20260331,web-html,7,경기도_안양시_안양시_도시계획_조례.json,,,,,,,20,50,,,20,80,,,,,18,110,120
경기도 양주시,양주시 도시계획 조례,2088967,20251124,web-html,26,경기도_양주시_양주시_도시계획_조례.json,20,80,20,80,40,100,20,80,20,100,20,100,20,80,20,80,21,,
경기도 양평군,양평군 도시계획 조례,2005435,20241226,web-html,38,경기도_양평군_양평군_도시계획_조례.json,20,80,20,80,40,100,20,80,20,100,20,100,20,80,20,80,25,50,150
경기도 여주시,여주시 도시계획 조례,2095885,20251222,web-html,30,경기도_여주시_여주시_도시계획_조례.json,20,80,20,80,40,100,20,80,20,100,20,100,20,80,20,80,,,
경기도 연천군,연천군 군계획조례,2123687,20260416,web-html,26,경기도_연천군_연천군_군계획조례.json,20,80,20,80,40,100,20,80,20,100,20,100,20,80,20,80,25,,
경기도 오산시,오산시 도시계획 조례,2127873,20260506,web-html,25,경기도_오산시_오산시_도시계획_조례.json,,,,,,,20,50,20,80,20,100,,,,,15,75,150
경기도 용인시,용인시 도시계획 조례,2102461,20251231,web-html,33,경기도_용인시_용인시_도시계획_조례.json,20,80,20,80,40,100,20,70,20,100,20,100,20,70,20,70,20,,
경기도 의왕시,의왕시 도시계획 조례,2002325,20241230,web-html,14,경기도_의왕시_의왕시_도시계획_조례.json,,,,,,,20,60,20,60,20,100,,,,,17,,
경기도 의정부시,의정부시 도시계획 조례,2072835,20250925,web-html,22,경기도_의정부시_의정부시_도시계획_조례.json,,,,,,,20,50,20,60,20,80,,,,,18,,150
경기도 이천시,이천시 도시계획 조례,2113131,20260227,web-html,42,경기도_이천시_이천시_도시계획_조례.json,20,80,20,80,40,100,20,80,20,100,20,100,20,80,20,80,25,50,150
경기도 파주시,파주시 도시계획 조례,2022815,20250320,web-html,32,경기도_파주시_파주시_도시계획_조례.json,20,80,20,80,40,100,20,50,20,50,20,80,20,50,20,50,,,150
경기도 평택시,평택시 도시계획 조례,2122835,20260518,web-html,23,경기도_평택시_평택시_도시계획_조례.json,20,80,20,80,40,100,20,80,20,100,20,100,20,80,20,80,15,,120
경기도 포천시,포천시 도시계획 조례,2161793,20260814,web-html,28,경기도_포천시_포천시_도시계획_조례.json,20,80,20,80,40,100,20,80,20,100,20,100,20,80,20,80,25,,150
경기도 하남시,하남시 도시계획 조례,2064475,20250811,web-html,20,경기도_하남시_하남시_도시계획_조례.json,,,,,,,20,80,20,100,20,100,,,,,15,,150
경기도 화성시,화성시 도시계획 조례,2115001,20260310,web-html,31,경기도_화성시_화성시_도시계획_조례.json,20,80,20,80,40,100,20,70,20,80,20,100,20,60,20,50,15,15,
경상남도,경상남도 도시계획 조례,2105665,20260102,web-html,3,경상남도_경상남도_도시계획_조례.json,,,,,,,,,,,,,,,,,,,
경상남도 거제시,거제시 도시계획 조례,2120831,20260409,web-html,46,경상남도_거제시_거제시_도시계획_조례.json,20,80,20,80,40,100,20,60,20,80,20,100,20,80,20,80,20,,100
경상남도 거창군,거창군 계획조례,2103751,20251231,web-html,36,경상남도_거창군_거창군_계획조례.json,20,80,20,80,40,100,20,50,20,80,20,80,20,80,20,80,18,50,
경상남도 고성군,고성군계획 조례,2095695,20251222,web-html,24,경상남도_고성군_고성군계획_조례.json,20,80,20,80,40,100,20,80,20,100,20,100,20,80,20,80,20,70,150
경상남도 김해시,김해시 도시계획 조례,2118405,20260401,web-html,34,경상남도_김해시_김해시_도시계획_조례.json,20,80,20,80,40,100,20,70,20,100,20,100,20,80,20,80,18,,100
경상남도 남해군,남해군 도시계획 조례,2119933,20260407,web-html,26,경상남도_남해군_남해군_도시계획_조례.json,20,80,20,80,40,100,20,80,20,100,20,100,20,80,20,80,25,50,80
경상남도 밀양시,밀양시 도시계획 조례,2035513,20250508,web-html,26,경상남도_밀양시_밀양시_도시계획_조례.json,20,80,20,80,40,100,20,80,20,100,20,100,20,80,20,80,25,,150
경상남도 사천시,사천시 도시계획조례,2138397,20260702,web-html,26,경상남도_사천시_사천시_도시계획조례.json,20,80,20,80,40,100,20,80,20,80,20,80,20,80,20,80,18,,
경상남도 산청군,산청군 군계획 조례,2089703,20251127,web-html,23,경상남도_산청군_산청군_군계획_조례.json,20,80,20,80,40,100,20,80,20,100,20,100,20,80,20,80,25,50,
경상남도 양산시,양산시 도시계획 조례,2091561,20251211,web-html,22,경상남도_양산시_양산시_도시계획_조례.json,20,80,20,80,40,100,20,80,20,100,20,100,20,80,20,80,21,,150
경상남도 의령군,의령군 계획 조례,2116509,20260325,web-html,20,경상남도_의령군_의령군_계획_조례.json,20,80,20,80,40,100,20,80,20,100,20,100,20,80,20,80,25,,
경상남도 진주시,진주시 도시계획조례,2127421,20260504,web-html,24,경상남도_진주시_진주시_도시계획조례.json,20,60,20,60,40,100,20,60,20,60,20,80,20,60,20,50,12,50,
경상남도 창녕군,창녕군계획 조례,2093817,20251218,web-html,22,경상남도_창녕군_창녕군계획_조례.json,20,80,20,80,40,100,20,80,20,100,20,100,20,80,20,80,25,,
경상남도 창원시,창원시 도시계획 조례,2110201,20260213,web-html,28,경상남도_창원시_창원시_도시계획_조례.json,,,,,50,,,,,,,,30,,,,21,,
경상남도 통영시,통영시 도시계획조례,2105587,20260102,web-html,22,경상남도_통영시_통영시_도시계획조례.json,20,80,20,80,40,100,20,80,20,100,20,100,20,80,20,80,20,100,
경상남도 하동군,하동군 계획 조례,2125873,20260424,web-html,23,경상남도_하동군_하동군_계획_조례.json,20,80,20,80,40,100,20,80,20,100,20,100,20,80,20,80,25,,150
경상남도 함안군,함안군 계획 조례,2136625,20260630,web-html,32,경상남도_함안군_함안군_계획_조례.json,20,80,20,80,40,100,20,80,20,100,20,100,20,80,20,80,20,100,
경상남도 함양군,함양군 군계획 조례,2162351,20260806,web-html,13,경상남도_함양군_함양군_군계획_조례.json,20,80,20,80,40,100,20,80,20,100,20,100,20,80,20,80,20,50,150
경상남도 합천군,합천군 군계획 조례,2123757,20260416,web-html,26,경상남도_합천군_합천군_군계획_조례.json,20,80,20,80,40,100,20,60,20,80,20,100,20,80,20,80,25,50,
경상북도,경상북도 도시계획 조례,1908145,20240219,web-html,3,경상북도_경상북도_도시계획_조례.json,,,,,,,,,,,,,,,,,,,
경상북도 경산시,경산시 도시계획 조례,2106343,20260107,web-html,31,경상북도_경산시_경산시_도시계획_조례.json,20,80,20,80,40,100,20,80,20,100,20,100,,,20,80,,,120
경상북도 경주시,경주시 도시계획 조례,2057435,20250715,web-html,31,경상북도_경주시_경주시_도시계획_조례.json,20,60,20,60,40,100,20,60,20,60,20,100,20,60,20,60,20,,
경상북도 고령군,고령군 군계획 조례,2122635,20260414,web-html,40,경상북도_고령군_고령군_군계획_조례.json,20,80,20,80,40,100,20,80,20,100,20,100,20,80,20,80,25,50,150
경상북도 구미시,구미시 도시계획 조례,2146305,20260708,web-html,27,경상북도_구미시_구미시_도시계획_조례.json,20,80,20,80,40,100,20,80,20,100,20,100,20,80,20,80,25,,100
경상북도 김천시,김천시 도시계획 조례,2112719,20260226,web-html,34,경상북도_김천시_김천시_도시계획_조례.json,20,80,20,80,40,100,20,80,20,100,20,100,20,80,20,80,25,,
경상북도 문경시,문경시 도시계획 조례,2100779,20251230,web-html,22,경상북도_문경시_문경시_도시계획_조례.json,20,80,20,80,40,100,20,80,20,100,20,100,20,80,20,80,25,,150
경상북도 봉화군,봉화군 군계획 조례,2093765,20251215,web-html,20,경상북도_봉화군_봉화군_군계획_조례.json,20,80,20,80,40,100,20,80,20,100,20,100,20,80,20,80,25,50,
경상북도 상주시,상주시 도시계획 조례,2116275,20260324,web-html,32,경상북도_상주시_상주시_도시계획_조례.json,20,80,20,80,40,100,20,80,20,100,20,100,20,80,20,80,25,,
경상북도 성주군,성주군 도시계획조례,2092439,20251215,web-html,28,경상북도_성주군_성주군_도시계획조례.json,20,80,20,80,40,100,20,80,20,100,20,100,20,80,20,80,25,,150
경상북도 안동시,안동시 도시계획 조례,2103263,20260120,web-html,32,경상북도_안동시_안동시_도시계획_조례.json,20,80,20,80,40,100,20,80,20,100,20,100,20,80,20,80,30,,
경상북도 영덕군,영덕군 군계획 조례,2095663,20251222,web-html,38,경상북도_영덕군_영덕군_군계획_조례.json,20,80,20,80,40,100,20,80,20,100,20,100,20,80,20,80,25,,150
경상북도 영양군,영양군 군계획 조례,2094775,20251219,web-html,27,경상북도_영양군_영양군_군계획_조례.json,20,80,20,80,40,100,20,80,20,100,20,100,20,80,20,80,25,,150
경상북도 영주시,영주시 도시계획 조례,2099533,20251229,web-html,28,경상북도_영주시_영주시_도시계획_조례.json,20,80,20,80,40,100,20,80,20,100,20,100,20,80,20,80,25,,
경상북도 영천시,영천시 도시계획 조례,2000711,20241227,web-html,24,경상북도_영천시_영천시_도시계획_조례.json,20,80,20,80,40,100,20,80,20,100,20,100,20,80,20,80,25,,150
경상북도 예천군,예천군 군계획 조례,2096259,20251224,web-html,27,경상북도_예천군_예천군_군계획_조례.json,20,80,20,80,40,100,20,80,20,100,20,100,20,80,20,80,25,,
경상북도 울릉군,울릉군 군계획 조례,2125271,20260420,web-html,16,경상북도_울릉군_울릉군_군계획_조례.json,20,80,20,80,40,100,20,80,,,20,100,20,80,20,80,30,50,
경상북도 울진군,울진군 군계획조례,1807053,20230501,web-html,24,경상북도_울진군_울진군_군계획조례.json,20,80,20,80,40,100,20,80,20,100,20,100,20,80,20,80,25,50,
경상북도 의성군,의성군 도시계획 조례,2124091,20260417,web-html,37,경상북도_의성군_의성군_도시계획_조례.json,20,80,20,80,40,100,20,80,20,100,20,100,20,80,20,80,25,,150
경상북도 청송군,청송군 도시계획 조례,2048533,20250701,web-html,28,경상북도_청송군_청송군_도시계획_조례.json,20,80,20,80,40,100,20,80,20,100,20,100,20,80,20,80,18,,
경상북도 칠곡군,칠곡군 도시계획 조례,2098119,20251226,web-html,30,경상북도_칠곡군_칠곡군_도시계획_조례.json,20,80,20,80,40,100,20,80,20,100,20,100,20,80,20,80,,,
경상북도 포항시,포항시 도시계획 조례,2106311,20260107,web-html,20,경상북도_포항시_포항시_도시계획_조례.json,20,80,20,80,40,100,20,80,20,100,20,100,20,80,20,80,10,,
대구광역시,대구광역시 도시계획 조례,2128915,20260511,web-html,38,대구광역시_대구광역시_도시계획_조례.json,20,80,20,80,40,100,20,60,20,100,20,100,20,80,20,80,17,,50
대전광역시,대전광역시 도시계획 조례,2110261,20260213,web-html,22,대전광역시_대전광역시_도시계획_조례.json,20,60,20,70,40,80,20,60,20,70,20,80,20,70,20,60,17,,40
대전광역시 동구,대전광역시 동구 도시계획 조례,1534435,20201007,web-html,0,대전광역시_동구_대전광역시_동구_도시계획_조례.json,,,,,,,,,,,,,,,,,,,
대전광역시 서구,대전광역시 서구 도시계획 조례,2166971,20261001,web-html,0,대전광역시_서구_대전광역시_서구_도시계획_조례.json,,,,,,,,,,,,,,,,,,,
대전광역시 유성구,대전광역시 유성구 도시계획 조례,2037701,20250515,web-html,0,대전광역시_유성구_대전광역시_유성구_도시계획_조례.json,,,,,,,,,,,,,,,,,,,
대전광역시 중구,대전광역시 중구 도시계획 조례,1835899,20230711,web-html,0,대전광역시_중구_대전광역시_중구_도시계획_조례.json,,,,,,,,,,,,,,,,,,,
부산광역시,부산광역시 도시계획 조례,2120465,20260408,web-html,22,부산광역시_부산광역시_도시계획_조례.json,,,,,,,20,60,20,80,20,80,,100,20,60,17,,80
부산광역시 금정구,부산광역시 금정구 도시계획 조례,1411198,20191028,web-html,0,부산광역시_금정구_부산광역시_금정구_도시계획_조례.json,,,,,,,,,,,,,,,,,,,
부산광역시 기장군,부산광역시 기장군 도시계획 조례,2069525,20250924,web-html,0,부산광역시_기장군_부산광역시_기장군_도시계획_조례.json,,,,,,,,,,,,,,,,,,,
부산광역시 동래구,부산광역시동래구 도시계획 조례,1378243,20181231,web-html,0,부산광역시_동래구_부산광역시동래구_도시계획_조례.json,,,,,,,,,,,,,,,,,,,
부산광역시 사상구,부산광역시 사상구 도시계획 조례,1817427,20230608,web-html,0,부산광역시_사상구_부산광역시_사상구_도시계획_조례.json,,,,,,,,,,,,,,,,,,,
부산광역시 연제구,부산광역시 연제구 도시계획 조례,1846391,20230810,web-html,0,부산광역시_연제구_부산광역시_연제구_도시계획_조례.json,,,,,,,,,,,,,,,,,,,
부산광역시 영도구,부산광역시 영도구 도시계획 조례,1715155,20220706,web-html,0,부산광역시_영도구_부산광역시_영도구_도시계획_조례.json,,,,,,,,,,,,,,,,,,,
부산광역시 중구,부산광역시 중구 도시계획 조례,1826469,20230630,web-html,0,부산광역시_중구_부산광역시_중구_도시계획_조례.json,,,,,,,,,,,,,,,,,,,
서울특별시,서울특별시 도시계획 조례,2149501,20260713,web-html,28,서울특별시_서울특별시_도시계획_조례.json,,,,,,,20,50,20,50,20,50,,,,,,,
서울특별시 강남구,서울특별시 강남구 도시계획 조례,1592205,20210430,web-html,0,서울특별시_강남구_서울특별시_강남구_도시계획_조례.json,,,,,,,,,,,,,,,,,,,
서울특별시 강동구,서울특별시 강동구 도시계획 조례,2107635,20260114,web-html,0,서울특별시_강동구_서울특별시_강동구_도시계획_조례.json,,,,,,,,,,,,,,,,,,,
서울특별시 강북구,서울특별시 강북구 도시계획 조례,1853663,20230922,web-html,0,서울특별시_강북구_서울특별시_강북구_도시계획_조례.json,,,,,,,,,,,,,,,,,,,
서울특별시 강서구,서울특별시 강서구 도시계획 조례,2084559,20260101,web-html,1,서울특별시_강서구_서울특별시_강서구_도시계획_조례.json,,,,,,,,,,,,,,,,,,,
서울특별시 관악구,서울특별시 관악구 도시계획 조례,1890775,20231228,web-html,0,서울특별시_관악구_서울특별시_관악구_도시계획_조례.json,,,,,,,,,,,,,,,,,,,
서울특별시 광진구,서울특별시 광진구 도시계획 조례,2098841,20251229,web-html,0,서울특별시_광진구_서울특별시_광진구_도시계획_조례.json,,,,,,,,,,,,,,,,,,,
서울특별시 구로구,서울특별시 구로구 도시계획 조례,1339404,20180222,web-html,0,서울특별시_구로구_서울특별시_구로구_도시계획_조례.json,,,,,,,,,,,,,,,,,,,
서울특별시 금천구,서울특별시 금천구 도시계획 조례,1595151,20210513,web-html,0,서울특별시_금천구_서울특별시_금천구_도시계획_조례.json,,,,,,,,,,,,,,,,,,,
서울특별시 노원구,서울특별시 노원구 도시계획 조례,1982361,20241107,web-html,0,서울특별시_노원구_서울특별시_노원구_도시계획_조례.json,,,,,,,,,,,,,,,,,,,
서울특별시 도봉구,서울특별시 도봉구 도시계획 조례,1376003,20181227,web-html,0,서울특별시_도봉구_서울특별시_도봉구_도시계획_조례.json,,,,,,,,,,,,,,,,,,,
서울특별시 동대문구,서울특별시 동대문구 도시계획 조례,1351535,20180712,web-html,1,서울특별시_동대문구_서울특별시_동대문구_도시계획_조례.json,,,,,,,,,,,,,,,,,,,
서울특별시 동작구,서울특별시 동작구 도시계획 조례,2166663,20260903,web-html,1,서울특별시_동작구_서울특별시_동작구_도시계획_조례.json,,,,,,,,,,,,,,,,,,,
서울특별시 마포구,서울특별시 마포구 도시계획 조례,1472927,20200227,web-html,0,서울특별시_마포구_서울특별시_마포구_도시계획_조례.json,,,,,,,,,,,,,,,,,,,
서울특별시 서대문구,서울특별시 서대문구 도시계획 조례,1767945,20230109,web-html,0,서울특별시_서대문구_서울특별시_서대문구_도시계획_조례.json,,,,,,,,,,,,,,,,,,,
서울특별시 서초구,서울특별시 서초구 도시계획조례,1989501,20250101,web-html,0,서울특별시_서초구_서울특별시_서초구_도시계획조례.json,,,,,,,,,,,,,,,,,,,
서울특별시 성동구,서울특별시 성동구 도시계획 조례,1222484,20160317,web-html,1,서울특별시_성동구_서울특별시_성동구_도시계획_조례.json,,,,,,,,,,,,,,,,,,,
서울특별시 성북구,서울특별시 성북구 도시계획 조례,1893487,20231228,web-html,0,서울특별시_성북구_서울특별시_성북구_도시계획_조례.json,,,,,,,,,,,,,,,,,,,
서울특별시 송파구,서울특별시 송파구 도시계획 조례,2053833,20250710,web-html,0,서울특별시_송파구_서울특별시_송파구_도시계획_조례.json,,,,,,,,,,,,,,,,,,,
서울특별시 양천구,서울특별시 양천구 도시계획 조례,1993519,20241219,web-html,0,서울특별시_양천구_서울특별시_양천구_도시계획_조례.json,,,,,,,,,,,,,,,,,,,
서울특별시 영등포구,서울특별시 영등포구 도시계획 조례,1322034,20171228,web-html,0,서울특별시_영등포구_서울특별시_영등포구_도시계획_조례.json,,,,,,,,,,,,,,,,,,,
서울특별시 용산구,서울특별시 용산구 도시계획 조례,1401623,20190705,web-html,0,서울특별시_용산구_서울특별시_용산구_도시계획_조례.json,,,,,,,,,,,,,,,,,,,
서울특별시 은평구,서울특별시 은평구 도시계획 조례,1493097,20200514,web-html,0,서울특별시_은평구_서울특별시_은평구_도시계획_조례.json,,,,,,,,,,,,,,,,,,,
서울특별시 종로구,서울특별시 종로구 도시계획 조례,1746853,20221111,web-html,1,서울특별시_종로구_서울특별시_종로구_도시계획_조례.json,,,,,,,,,,,,,,,,,,,
서울특별시 중구,서울특별시 중구 도시계획 조례,1841329,20230725,web-html,0,서울특별시_중구_서울특별시_중구_도시계획_조례.json,,,,,,,,,,,,,,,,,,,
서울특별시 중랑구,서울특별시 중랑구 도시계획 조례,2101185,20251231,web-html,0,서울특별시_중랑구_서울특별시_중랑구_도시계획_조례.json,,,,,,,,,,,,,,,,,,,
세종특별자치시,세종특별자치시 도시계획 조례,2113473,20260227,web-html,24,세종특별자치시_세종특별자치시_도시계획_조례.json,20,80,20,80,40,100,20,80,20,100,20,100,20,80,20,80,,,
울산광역시,울산광역시 도시계획 조례,2120867,20260409,web-html,26,울산광역시_울산광역시_도시계획_조례.json,,,,,,,,,,,,,,,,,17,,
울산광역시 남구,울산광역시 남구 도시계획조례,2046461,20250627,web-html,1,울산광역시_남구_울산광역시_남구_도시계획조례.json,,,,,,,,,,,,,,,,,,,
울산광역시 동구,울산광역시 동구 도시계획 조례,1419513,20191031,web-html,0,울산광역시_동구_울산광역시_동구_도시계획_조례.json,,,,,,,,,,,,,,,,,,,
울산광역시 북구,울산광역시 북구 도시계획 조례,1904079,20240101,web-html,0,울산광역시_북구_울산광역시_북구_도시계획_조례.json,,,,,,,,,,,,,,,,,,,
울산광역시 울주군,울산광역시 울주군 도시계획 조례,2138197,20260702,web-html,2,울산광역시_울주군_울산광역시_울주군_도시계획_조례.json,,,,,,,,,,,,,,,,,,,
울산광역시 중구,울산광역시 중구 도시계획 조례,1961291,20240805,web-html,3,울산광역시_중구_울산광역시_중구_도시계획_조례.json,,,,,,,,,,,,,,,,,,,
인천광역시,인천광역시 도시계획 조례,2150257,20260713,web-html,29,인천광역시_인천광역시_도시계획_조례.json,20,80,20,80,40,100,20,50,20,80,20,80,20,80,20,80,,,
전남광주통합특별시 강진군,강진군 군계획 조례,2080951,20251013,web-html,41,전남광주통합특별시_강진군_강진군_군계획_조례.json,20,80,20,80,40,100,20,80,20,100,20,100,20,80,20,80,20,50,150
전남광주통합특별시 고흥군,고흥군 군계획 조례,2157245,20260824,web-html,27,전남광주통합특별시_고흥군_고흥군_군계획_조례.json,20,80,20,80,40,100,20,80,20,100,20,100,20,80,20,80,25,,
전남광주통합특별시 곡성군,곡성군 군계획 조례,2159961,20260812,web-html,18,전남광주통합특별시_곡성군_곡성군_군계획_조례.json,20,80,20,80,40,100,20,80,20,100,20,100,20,80,20,80,18,50,
전남광주통합특별시 광양시,광양시 도시계획 조례,2105463,20251231,web-html,33,전남광주통합특별시_광양시_광양시_도시계획_조례.json,20,80,20,80,40,100,20,80,20,100,20,100,20,80,20,80,20,,150
전남광주통합특별시 구례군,구례군계획 조례,1931817,20250423,web-html,16,전남광주통합특별시_구례군_구례군계획_조례.json,20,80,20,80,40,100,20,80,20,100,20,100,20,80,20,80,20,,150
전남광주통합특별시 나주시,나주시 도시계획 조례,2103137,20251231,web-html,35,전남광주통합특별시_나주시_나주시_도시계획_조례.json,20,80,20,80,40,100,20,80,20,100,20,100,20,80,20,80,20,50,150
전남광주통합특별시 담양군,담양군 계획 조례,2159603,20260810,web-html,21,전남광주통합특별시_담양군_담양군_계획_조례.json,20,80,20,80,40,100,20,80,20,100,20,100,20,80,20,80,20,50,
전남광주통합특별시 목포시,목포시 도시계획 조례,2099295,20251229,web-html,30,전남광주통합특별시_목포시_목포시_도시계획_조례.json,,,,,,,20,80,20,100,20,100,,,,,20,50,100
전남광주통합특별시 보성군,보성군 군계획 조례,2157793,20260804,web-html,31,전남광주통합특별시_보성군_보성군_군계획_조례.json,20,80,20,80,40,100,20,80,20,100,20,100,20,80,20,80,25,,
전남광주통합특별시 순천시,순천시 도시계획 조례,2139799,20260701,web-html,27,전남광주통합특별시_순천시_순천시_도시계획_조례.json,20,50,20,80,40,100,20,80,20,100,20,100,20,80,20,50,21,,150
전남광주통합특별시 신안군,신안군 도시계획 조례,2164649,20260814,web-html,27,전남광주통합특별시_신안군_신안군_도시계획_조례.json,20,80,20,80,40,100,20,80,20,100,20,100,20,80,20,80,20,,150
전남광주통합특별시 여수시,여수시 도시계획 조례,2090475,20251208,web-html,15,전남광주통합특별시_여수시_여수시_도시계획_조례.json,20,80,20,80,40,100,20,80,20,100,20,100,20,80,20,80,,100,
전남광주통합특별시 영광군,영광군 도시계획 조례,2160687,20260810,web-html,30,전남광주통합특별시_영광군_영광군_도시계획_조례.json,20,80,20,80,40,100,20,80,20,100,20,100,20,80,20,80,,,150
전남광주통합특별시 영암군,영암군 도시계획 조례,2158147,20260806,web-html,35,전남광주통합특별시_영암군_영암군_도시계획_조례.json,20,80,20,80,40,100,20,80,20,100,20,100,20,80,20,80,20,50,
전남광주통합특별시 완도군,완도군 도시계획 조례,2159767,20260804,web-html,25,전남광주통합특별시_완도군_완도군_도시계획_조례.json,20,80,20,80,40,100,20,80,20,100,20,100,20,80,20,80,20,50,100
전남광주통합특별시 장성군,장성군 도시계획 조례,2163925,20260818,web-html,27,전남광주통합특별시_장성군_장성군_도시계획_조례.json,20,80,20,80,40,100,20,80,20,100,20,100,20,80,20,80,20,,
전남광주통합특별시 진도군,진도군계획 조례,2133547,20260701,web-html,23,전남광주통합특별시_진도군_진도군계획_조례.json,20,80,20,80,40,100,20,80,20,100,20,100,20,80,20,80,20,,
전남광주통합특별시 함평군,함평군 군계획 조례,2155805,20260731,web-html,28,전남광주통합특별시_함평군_함평군_군계획_조례.json,20,80,20,80,40,100,20,80,20,100,20,100,20,80,20,80,20,50,
전남광주통합특별시 해남군,해남군 군계획 조례,2092395,20251215,web-html,39,전남광주통합특별시_해남군_해남군_군계획_조례.json,,,,,,,,,,,,,,,,,25,50,150
전남광주통합특별시 화순군,화순군 도시계획 조례,2095815,20251222,web-html,25,전남광주통합특별시_화순군_화순군_도시계획_조례.json,20,80,20,80,40,100,20,80,20,100,20,100,20,80,20,80,20,,150
전북특별자치도,전북특별자치도 도시계획 조례,2056297,20250711,web-html,2,전북특별자치도_전북특별자치도_도시계획_조례.json,,,,,,,,,,,,,,,,,,,
전북특별자치도 고창군,고창군 계획 조례,2105969,20251231,web-html,26,전북특별자치도_고창군_고창군_계획_조례.json,20,80,20,80,40,100,20,80,20,100,20,100,20,80,20,80,,250,100
전북특별자치도 군산시,군산시 도시계획 조례,2030847,20250415,web-html,21,전북특별자치도_군산시_군산시_도시계획_조례.json,20,80,20,80,40,100,20,80,20,100,20,100,20,80,20,80,12,45,100
전북특별자치도 김제시,김제시 도시계획 조례,2092743,20251216,web-html,34,전북특별자치도_김제시_김제시_도시계획_조례.json,20,80,20,80,40,100,20,80,20,100,20,100,20,80,20,80,18,50,100
전북특별자치도 남원시,남원시 도시계획 조례,2147077,20260709,web-html,30,전북특별자치도_남원시_남원시_도시계획_조례.json,20,80,20,80,40,100,20,80,20,100,20,100,20,80,20,80,21,,100
전북특별자치도 무주군,무주군 군계획 조례,2090963,20251210,web-html,28,전북특별자치도_무주군_무주군_군계획_조례.json,20,80,20,80,40,100,20,80,20,100,20,100,20,80,20,80,20,,
전북특별자치도 부안군,부안군 군계획 조례,2059843,20250718,web-html,30,전북특별자치도_부안군_부안군_군계획_조례.json,20,80,20,80,40,100,20,80,20,100,20,100,20,80,20,80,21,150,100
전북특별자치도 순창군,순창군 계획 조례,2163587,20260818,web-html,28,전북특별자치도_순창군_순창군_계획_조례.json,20,80,20,80,40,100,20,80,20,100,20,100,20,80,20,80,20,50,100
전북특별자치도 완주군,완주군 계획 조례,2093577,20251218,web-html,35,전북특별자치도_완주군_완주군_계획_조례.json,20,80,20,80,40,100,20,80,20,100,20,100,20,80,20,20,21,,150
전북특별자치도 익산시,익산시 도시계획 조례,2103039,20251231,web-html,26,전북특별자치도_익산시_익산시_도시계획_조례.json,20,80,20,80,40,100,20,80,20,100,20,100,20,80,20,50,18,,150
전북특별자치도 임실군,임실군 계획 조례,2111947,20260225,web-html,23,전북특별자치도_임실군_임실군_계획_조례.json,20,80,20,80,40,100,20,80,20,80,20,80,20,80,20,80,25,100,150
전북특별자치도 장수군,장수군 군계획 조례,2118571,20260401,web-html,31,전북특별자치도_장수군_장수군_군계획_조례.json,20,80,20,80,40,100,20,80,20,100,20,100,20,80,20,80,25,,
전북특별자치도 전주시,전주시 도시계획 조례,2122435,20260413,web-html,24,전북특별자치도_전주시_전주시_도시계획_조례.json,,50,,80,50,100,,50,30,100,,100,,80,,,15,100,120
전북특별자치도 정읍시,정읍시 도시계획 조례,2121657,20260410,web-html,26,전북특별자치도_정읍시_정읍시_도시계획_조례.json,20,80,20,80,40,100,20,80,20,100,20,100,20,,20,80,21,100,100
전북특별자치도 진안군,진안군 계획 조례,2117603,20260330,web-html,24,전북특별자치도_진안군_진안군_계획_조례.json,20,80,20,80,40,100,20,80,20,100,20,100,20,80,20,80,20,100,100
제주특별자치도,제주특별자치도 도시계획 조례,2096577,20251224,web-html,32,제주특별자치도_제주특별자치도_도시계획_조례.json,20,60,20,60,40,50,20,60,20,30,20,80,20,50,20,50,,,
충청남도,충청남도 도시계획 조례,2003869,20241230,web-html,1,충청남도_충청남도_도시계획_조례.json,,,,,,,,,,,,,,,,,,,
충청남도 계룡시,계룡시 도시계획 조례,2088919,20251120,web-html,21,충청남도_계룡시_계룡시_도시계획_조례.json,,,,,,,20,80,20,80,20,80,,,20,80,,,
충청남도 공주시,공주시 도시계획 조례,2092049,20251215,web-html,29,충청남도_공주시_공주시_도시계획_조례.json,20,80,20,80,40,100,20,50,20,80,20,80,20,80,20,50,,,
충청남도 금산군,금산군 도시계획 조례,2083975,20251110,web-html,28,충청남도_금산군_금산군_도시계획_조례.json,20,80,20,80,40,100,20,80,20,100,20,100,20,80,20,80,,,
충청남도 논산시,논산시 도시계획 조례,2095519,20251222,web-html,41,충청남도_논산시_논산시_도시계획_조례.json,20,80,20,80,40,100,20,80,20,80,20,100,20,80,20,80,20,,
충청남도 당진시,당진시 도시계획 조례,2092539,20251215,web-html,29,충청남도_당진시_당진시_도시계획_조례.json,20,80,20,80,40,100,20,80,20,100,20,100,20,80,20,60,,,
충청남도 보령시,보령시 도시계획 조례,2083897,20251110,web-html,29,충청남도_보령시_보령시_도시계획_조례.json,20,80,20,80,40,100,20,80,20,100,20,100,20,80,20,80,25,,
충청남도 부여군,부여군 군계획 조례,2165187,20260825,web-html,28,충청남도_부여군_부여군_군계획_조례.json,20,80,20,80,40,100,20,80,20,100,20,100,20,80,20,80,20,,
충청남도 서산시,서산시 도시계획 조례,2090923,20251210,web-html,28,충청남도_서산시_서산시_도시계획_조례.json,20,80,20,80,40,100,20,80,20,100,20,100,20,80,20,80,,,150
충청남도 서천군,서천군 도시계획 조례,2089339,20251128,web-html,24,충청남도_서천군_서천군_도시계획_조례.json,20,80,20,80,40,100,20,80,20,80,20,100,20,80,20,60,25,50,
충청남도 아산시,아산시 도시계획 조례,2162613,20260818,web-html,29,충청남도_아산시_아산시_도시계획_조례.json,20,80,20,80,40,100,20,,20,80,20,80,20,80,20,60,20,,
충청남도 예산군,예산군 군계획 조례,2088757,20251121,web-html,26,충청남도_예산군_예산군_군계획_조례.json,20,80,20,80,40,100,20,80,20,90,20,100,20,80,20,70,,,
충청남도 천안시,천안시 도시계획 조례,1932763,20240517,web-html,30,충청남도_천안시_천안시_도시계획_조례.json,20,80,20,80,40,100,20,60,20,80,20,80,20,80,20,60,,,
충청남도 청양군,청양군 군계획 조례,2156897,20260803,web-html,31,충청남도_청양군_청양군_군계획_조례.json,20,80,20,80,40,100,20,50,20,100,20,80,20,80,20,80,20,,
충청남도 태안군,태안군 도시계획 조례,2117975,20260331,web-html,24,충청남도_태안군_태안군_도시계획_조례.json,20,80,20,80,50,100,20,80,30,100,20,100,20,80,20,80,,,
충청남도 홍성군,홍성군 군계획 조례,2113307,20260227,web-html,36,충청남도_홍성군_홍성군_군계획_조례.json,20,80,20,80,40,100,20,80,20,100,20,100,20,80,20,80,20,100,
충청북도,충청북도 도시계획 조례,2001097,20250101,web-html,3,충청북도_충청북도_도시계획_조례.json,,,,,,,,,,,,,,,,,,,
충청북도 괴산군,괴산군 군계획 조례,2109185,20260206,web-html,32,충청북도_괴산군_괴산군_군계획_조례.json,20,80,20,80,40,100,20,80,20,100,20,100,20,80,20,80,25,,
충청북도 단양군,단양군 군계획 조례,1974929,20251231,web-html,27,충청북도_단양군_단양군_군계획_조례.json,20,80,20,80,40,100,20,80,20,100,20,100,20,80,20,80,25,,150
충청북도 보은군,보은군 군계획 조례,2082909,20251107,web-html,21,충청북도_보은군_보은군_군계획_조례.json,20,80,20,80,40,100,20,80,20,100,20,100,20,80,20,80,25,,
충청북도 영동군,영동군 군계획 조례,2005799,20241231,web-html,28,충청북도_영동군_영동군_군계획_조례.json,20,80,20,80,40,100,20,80,20,100,20,100,20,80,20,80,25,,
충청북도 옥천군,옥천군 군계획 조례,2054307,20250710,web-html,33,충청북도_옥천군_옥천군_군계획_조례.json,20,80,20,80,40,100,20,80,20,100,20,100,20,80,20,80,20,,
충청북도 음성군,음성군 군계획 조례,2146217,20260630,web-html,46,충청북도_음성군_음성군_군계획_조례.json,20,80,20,80,40,100,20,80,20,100,20,100,20,80,20,80,,,
충청북도 제천시,제천시 도시계획 조례,2128449,20260508,web-html,37,충청북도_제천시_제천시_도시계획_조례.json,20,60,20,80,40,100,20,60,20,80,20,100,20,80,20,80,,,150
충청북도 증평군,증평군 군계획 조례,2152413,20260508,web-html,35,충청북도_증평군_증평군_군계획_조례.json,20,80,20,80,40,100,20,80,20,100,20,100,20,80,20,80,25,200,
충청북도 진천군,진천군 군계획 조례,2109249,20260209,web-html,26,충청북도_진천군_진천군_군계획_조례.json,20,80,20,80,40,100,20,80,20,100,20,100,20,80,20,80,,,
충청북도 청주시,청주시 도시계획 조례,2122093,20260410,web-html,31,충청북도_청주시_청주시_도시계획_조례.json,20,80,20,80,40,100,20,80,20,80,20,100,20,80,20,80,,,
충청북도 충주시,충주시 도시계획 조례,2126707,20260430,web-html,27,충청북도_충주시_충주시_도시계획_조례.json,20,80,20,80,40,100,20,50,20,80,20,80,20,80,20,50,25,,150
