유형 ,시도 ,시군 ,단지명 ,조성상태 ,지정면적(천제곱미터),관리면적(천제곱미터),산업시설구역_전체면적(천제곱미터),산업시설구역_분양대상(천제곱미터),산업시설구역_분양(천제곱미터),산업시설구역_미분양(천제곱미터),산업시설구역_분양률(퍼센트),입주업체(개),가동업체(개)
일반,서울,구로구,서울온수,완료,158 ,158 ,123 ,123 ,123 ,0 ,100 ,199 ,199 
일반,서울,강서구,마곡,조성중,1124 ,1124 ,729 ,729 ,603 ,126 ,83 ,199 ,149 
일반,서울,강동구,강동,조성중,78 ,78 ,27 ,0 ,0 ,0 ,0 ,0 ,0 
일반,부산,강서구,부산과학 (① + ②),완료,1967 ,1967 ,1030 ,1030 ,1010 ,20 ,98 ,239 ,239 
일반,부산,강서구,   부산과학 ①,완료,1669 ,1669 ,732 ,732 ,732 ,0 ,100 ,227 ,227 
일반,부산,강서구,   지사(외국인) ②,완료,298 ,298 ,298 ,298 ,278 ,20 ,93 ,12 ,12 
일반,부산,강서구,부산신항배후국제산업물류도시(1단계),완료,5708 ,5708 ,3186 ,3186 ,2982 ,204 ,94 ,545 ,536 
일반,부산,기장군,명례,완료,1566 ,1566 ,869 ,869 ,869 ,0 ,100 ,128 ,125 
일반,부산,사하구,산양,조성중,52 ,52 ,24 ,19 ,19 ,0 ,100 ,0 ,0 
일반,부산,사하구,서부산스마트밸리(구:신평장림) (① + ②),완료,3700 ,2815 ,1749 ,1749 ,1749 ,0 ,100 ,1007 ,779 
일반,부산,사하구,   신평ㆍ장림(기존) ①,완료,885 ,885 ,604 ,604 ,604 ,0 ,100 ,461 ,299 
일반,부산,사하구,   신평ㆍ장림(협동화) ②,완료,2815 ,1930 ,1145 ,1145 ,1145 ,0 ,100 ,546 ,480 
일반,부산,해운대구,센텀시티,완료,1178 ,1178 ,210 ,210 ,210 ,0 ,100 ,2635 ,2635 
일반,부산,강서구,풍상,완료,61 ,61 ,52 ,52 ,52 ,0 ,100 ,4 ,4 
일반,부산,강서구,생곡,완료,538 ,538 ,333 ,333 ,333 ,0 ,100 ,104 ,99 
일반,부산,강서구,명동지구,조성중,506 ,506 ,325 ,325 ,305 ,20 ,94 ,32 ,2 
일반,부산,강서구,미음지구 (① + ②),완료,3548 ,3548 ,1926 ,1926 ,1730 ,196 ,90 ,390 ,358 
일반,부산,강서구,   미음(산업단지) ①,완료,3249 ,3249 ,1627 ,1627 ,1593 ,34 ,98 ,383 ,351 
일반,부산,강서구,   미음(외국인) ②,완료,299 ,299 ,299 ,299 ,137 ,162 ,46 ,7 ,7 
일반,부산,기장군,동남권방사선의과학,조성중,1479 ,1442 ,704 ,704 ,547 ,157 ,78 ,42 ,21 
일반,부산,기장군,부산신소재,완료,256 ,256 ,169 ,169 ,169 ,0 ,100 ,5 ,3 
일반,부산,기장군,반룡,완료,547 ,547 ,334 ,334 ,334 ,0 ,100 ,93 ,89 
일반,부산,기장군,오리,완료,608 ,538 ,393 ,393 ,332 ,61 ,84 ,79 ,66 
일반,부산,기장군,동부산E-PARK 일반산업단지(구:기장대우),조성중,344 ,344 ,248 ,166 ,166 ,0 ,100 ,3 ,0 
일반,부산,기장군,에코장안,완료,201 ,201 ,129 ,129 ,129 ,0 ,100 ,25 ,20 
일반,부산,강서구,정주,완료,97 ,97 ,40 ,40 ,40 ,0 ,100 ,3 ,3 
일반,부산,사상구,사상공업지역[재생사업지구],조성중,3021 ,3021 ,1005 ,1005 ,1005 ,0 ,100 ,957 ,957 
일반,부산,강서구,성우(구:거화),완료,64 ,63 ,33 ,33 ,33 ,0 ,100 ,18 ,18 
일반,부산,기장군,기룡,완료,83 ,83 ,58 ,58 ,58 ,0 ,100 ,1 ,1 
일반,부산,기장군,기룡2,완료,46 ,46 ,33 ,33 ,33 ,0 ,100 ,3 ,2 
일반,부산,기장군,장안,완료,1301 ,1301 ,771 ,771 ,771 ,0 ,100 ,103 ,103 
일반,부산,기장군,정관,완료,1209 ,1209 ,479 ,479 ,479 ,0 ,100 ,205 ,205 
일반,부산,기장군,정관코리,완료,84 ,84 ,59 ,59 ,59 ,0 ,100 ,6 ,5 
일반,부산,강서구,신호,완료,3121 ,3121 ,1713 ,1713 ,1713 ,0 ,100 ,82 ,82 
일반,부산,강서구,화전지구,완료,2448 ,2448 ,1424 ,1424 ,1424 ,0 ,100 ,313 ,313 
일반,부산,강서구,강서보고,완료,104 ,104 ,51 ,51 ,51 ,0 ,100 ,19 ,19 
일반,부산,강서구,지사글로벌,완료,416 ,416 ,197 ,197 ,148 ,49 ,75 ,6 ,6 
일반,부산,강서구,강서해성,미개발,104 ,104 ,69 ,0 ,0 ,0 ,0 ,0 ,0 
일반,부산,강서구,지사2(구 진우),완료,99 ,99 ,48 ,48 ,48 ,0 ,100 ,18 ,18 
일반,부산,강서구,부산연구개발특구첨단복합지구,미개발,1744 ,1744 ,522 ,0 ,0 ,0 ,0 ,0 ,0 
일반,부산,강서구,부산명서일반산업단지,미개발,121 ,121 ,59 ,0 ,0 ,0 ,0 ,0 ,0 
일반,대구,달서구,성서1차[재생사업지구],완료,2687 ,2687 ,1886 ,1886 ,1886 ,0 ,100 ,991 ,984 
일반,대구,달서구,성서2차[재생사업지구:부분],완료,4701 ,4701 ,2996 ,2996 ,2996 ,0 ,100 ,1218 ,1214 
일반,대구,달서구,성서3차,완료,3329 ,2895 ,1577 ,1577 ,1577 ,0 ,100 ,818 ,813 
일반,대구,달서구,성서4차,완료,432 ,432 ,231 ,231 ,231 ,0 ,100 ,69 ,69 
일반,대구,달서구,대구출판,완료,242 ,242 ,94 ,94 ,94 ,0 ,100 ,133 ,133 
일반,대구,동구,대구이시아폴리스,완료,1176 ,1176 ,169 ,169 ,169 ,0 ,100 ,55 ,54 
일반,대구,북구,검단,완료,782 ,782 ,570 ,570 ,570 ,0 ,100 ,586 ,583 
일반,대구,서구,대구염색[재생사업지구],완료,849 ,849 ,589 ,589 ,589 ,0 ,100 ,127 ,123 
일반,대구,달성군,달성1차,완료,4078 ,4078 ,2551 ,2551 ,2551 ,0 ,100 ,306 ,278 
일반,대구,달성군,달성2차 (① + ②),완료,2705 ,2377 ,1482 ,1482 ,1482 ,0 ,100 ,307 ,283 
일반,대구,달성군,   달성2차 ①,완료,2601 ,2273 ,1378 ,1378 ,1378 ,0 ,100 ,301 ,277 
일반,대구,달성군,   달성2차(외국인) ②,완료,104 ,104 ,104 ,104 ,104 ,0 ,100 ,6 ,6 
일반,대구,달성군,대구테크노폴리스,조성중,7259 ,7259 ,2892 ,2892 ,2139 ,753 ,74 ,79 ,79 
일반,대구,달성군,성서5차첨단,완료,1470 ,1407 ,684 ,684 ,684 ,0 ,100 ,129 ,129 
일반,대구,북구,대구제3[재생사업지구],완료,1685 ,1684 ,1284 ,1284 ,1284 ,0 ,100 ,2529 ,2529 
일반,대구,달성군,대성하이스코(구: 달성대성하이스코),완료,57 ,57 ,40 ,40 ,28 ,12 ,70 ,2 ,0 
일반,대구,북구,금호워터폴리스,조성중,1193 ,1193 ,346 ,346 ,181 ,165 ,52 ,0 ,0 
일반,대구,서구,서대구[재생사업지구],완료,2662 ,2661 ,1285 ,1285 ,1285 ,0 ,100 ,2562 ,2497 
일반,인천,미추홀구,인천기계,완료,350 ,350 ,291 ,291 ,291 ,0 ,100 ,179 ,177 
일반,인천,미추홀구,인천,완료,1136 ,1136 ,1001 ,1001 ,1001 ,0 ,100 ,608 ,606 
일반,인천,서구,뷰티풀파크(구:인천검단),완료,2251 ,2250 ,1381 ,1381 ,1341 ,40 ,97 ,1287 ,945 
일반,인천,서구,인천서부,완료,939 ,938 ,770 ,770 ,770 ,0 ,100 ,316 ,309 
일반,인천,서구,청라1지구,완료,194 ,194 ,129 ,129 ,129 ,0 ,100 ,35 ,35 
일반,인천,연수구,송도지식정보,완료,2402 ,2400 ,657 ,657 ,614 ,43 ,93 ,137 ,89 
일반,인천,강화군,강화하점,완료,59 ,59 ,43 ,43 ,43 ,0 ,100 ,11 ,10 
일반,인천,강화군,강화,완료,462 ,462 ,320 ,320 ,320 ,0 ,100 ,80 ,67 
일반,인천,계양구,서운,완료,525 ,525 ,315 ,315 ,315 ,0 ,100 ,70 ,69 
일반,인천,서구,인천서부자원순환특화,완료,56 ,56 ,38 ,38 ,38 ,0 ,100 ,23 ,20 
일반,인천,서구,I-FoodPark,조성중,283 ,273 ,172 ,172 ,172 ,0 ,100 ,85 ,70 
일반,인천,중구,영종항공(인천경제자유구역),조성중,495 ,495 ,320 ,320 ,0 ,320 ,0 ,0 ,0 
일반,인천,계양구,계양,조성중,243 ,243 ,131 ,131 ,100 ,31 ,76 ,0 ,0 
일반,인천,서구,인천검단2일반산업단지,미개발,770 ,770 ,442 ,0 ,0 ,0 ,0 ,0 ,0 
일반,광주,광산구,평동 (① + ②),완료,5049 ,5047 ,3372 ,3372 ,3372 ,0 ,100 ,703 ,702 
일반,광주,광산구,   평동 ①,완료,4950 ,4948 ,3273 ,3273 ,3273 ,0 ,100 ,697 ,697 
일반,광주,광산구,   평동(월전중소협력외국인) ②,완료,99 ,99 ,99 ,99 ,99 ,0 ,100 ,6 ,5 
일반,광주,광산구,소촌,완료,190 ,189 ,106 ,106 ,106 ,0 ,100 ,64 ,64 
일반,광주,남구,송암,완료,415 ,414 ,304 ,304 ,304 ,0 ,100 ,64 ,64 
일반,광주,북구,본촌,완료,877 ,878 ,766 ,766 ,766 ,0 ,100 ,146 ,135 
일반,광주,광산구,진곡,완료,1909 ,1909 ,998 ,998 ,998 ,0 ,100 ,416 ,346 
일반,광주,광산구,평동3차(1단계),완료,1175 ,1175 ,652 ,652 ,652 ,0 ,100 ,152 ,128 
일반,광주,남구,광주에너지밸리,조성중,918 ,918 ,345 ,345 ,226 ,119 ,66 ,33 ,0 
일반,광주,광산구,하남[재생사업지구:부분],완료,5922 ,5920 ,4451 ,4451 ,4451 ,0 ,100 ,1087 ,1087 
일반,광주,북구,광주연구개발특구첨단3지구(광주경제자유구역),조성중,3629 ,3617 ,1136 ,0 ,0 ,0 ,0 ,7 ,0 
일반,대전,동구,하소친환경,완료,306 ,306 ,152 ,152 ,152 ,0 ,100 ,66 ,63 
일반,대전,대덕구,대전산업단지[재생사업지구] (① + ② + ③),완료,2317 ,2317 ,1643 ,1643 ,1643 ,0 ,100 ,1083 ,886 
일반,대전,대덕구,   대전제1 ①,완료,470 ,470 ,400 ,400 ,400 ,0 ,100 ,190 ,170 
일반,대전,대덕구,   대전제2 ②,완료,735 ,735 ,649 ,649 ,649 ,0 ,100 ,680 ,522 
일반,대전,대덕구,   대전(주변지역) ③,완료,1112 ,1112 ,594 ,594 ,594 ,0 ,100 ,213 ,194 
일반,대전,서구,평촌,조성중,855 ,854 ,484 ,28 ,28 ,0 ,100 ,3 ,0 
일반,울산,북구,매곡,완료,565 ,565 ,321 ,321 ,312 ,9 ,97 ,58 ,58 
일반,울산,북구,모듈화,완료,863 ,863 ,493 ,493 ,493 ,0 ,100 ,32 ,30 
일반,울산,북구,이화,조성중,694 ,694 ,305 ,305 ,305 ,0 ,100 ,1 ,1 
일반,울산,북구,중산,조성중,148 ,148 ,81 ,69 ,69 ,0 ,100 ,19 ,19 
일반,울산,울주군,길천,완료,1515 ,1503 ,881 ,881 ,808 ,73 ,92 ,100 ,88 
일반,울산,울주군,신 (① + ②),완료,3261 ,2423 ,1169 ,1169 ,1169 ,0 ,100 ,111 ,109 
일반,울산,울주군,   신 ①,완료,2423 ,1604 ,683 ,683 ,683 ,0 ,100 ,71 ,69 
일반,울산,울주군,   울산(자유무역) ②,완료,838 ,819 ,486 ,486 ,486 ,0 ,100 ,40 ,40 
일반,울산,울주군,와지,완료,126 ,125 ,99 ,99 ,99 ,0 ,100 ,32 ,32 
일반,울산,울주군,울산 High Tech Valley,조성중,2100 ,1939 ,1455 ,139 ,139 ,0 ,100 ,19 ,18 
일반,울산,울주군,봉계,완료,255 ,255 ,174 ,174 ,174 ,0 ,100 ,10 ,9 
일반,울산,울주군,KCC울산,완료,1222 ,1165 ,856 ,856 ,819 ,37 ,96 ,52 ,42 
일반,울산,울주군,전읍,완료,72 ,72 ,52 ,52 ,52 ,0 ,100 ,4 ,4 
일반,울산,울주군,반천,완료,1373 ,1373 ,853 ,853 ,853 ,0 ,100 ,83 ,72 
일반,울산,울주군,작동,조성중,150 ,150 ,125 ,73 ,73 ,0 ,100 ,0 ,0 
일반,울산,북구,중산2차,완료,365 ,365 ,223 ,223 ,223 ,0 ,100 ,41 ,40 
일반,울산,북구,매곡2,완료,77 ,77 ,45 ,45 ,45 ,0 ,100 ,12 ,12 
일반,울산,북구,매곡3,완료,158 ,158 ,118 ,118 ,118 ,0 ,100 ,19 ,18 
일반,울산,남구,울산테크노,완료,1287 ,1287 ,669 ,669 ,669 ,0 ,100 ,150 ,143 
일반,울산,울주군,GW,완료,454 ,454 ,337 ,337 ,278 ,59 ,82 ,46 ,31 
일반,울산,북구,모바일테크밸리,조성중,315 ,315 ,169 ,169 ,169 ,0 ,100 ,25 ,18 
일반,울산,울주군,에너지융합,조성중,1017 ,1020 ,576 ,576 ,531 ,45 ,92 ,48 ,48 
일반,울산,울주군,청양,미개발,201 ,200 ,135 ,0 ,0 ,0 ,0 ,0 ,0 
일반,울산,울주군,머거본,미개발,56 ,56 ,37 ,0 ,0 ,0 ,0 ,0 ,0 
일반,울산,울주군,울산도하일반산업단지,미개발,423 ,423 ,163 ,0 ,0 ,0 ,0 ,0 ,0 
일반,울산,울주군,울산KTX역세권일반산업단지,미개발,421 ,421 ,125 ,0 ,0 ,0 ,0 ,0 ,0 
일반,울산,울주군,대대일반산업단지,미개발,115 ,115 ,59 ,0 ,0 ,0 ,0 ,0 ,0 
일반,울산,동구,자동차일반산업단지[구:남목],미개발,528 ,527 ,166 ,0 ,0 ,0 ,0 ,0 ,0 
일반,세종,세종,소정,완료,272 ,272 ,193 ,193 ,193 ,0 ,100 ,1 ,1 
일반,세종,세종,월산,완료,1380 ,1380 ,955 ,955 ,955 ,0 ,100 ,0 ,0 
일반,세종,세종,전의,완료,481 ,481 ,345 ,345 ,345 ,0 ,100 ,8 ,8 
일반,세종,세종,전의2,완료,867 ,866 ,591 ,591 ,591 ,0 ,100 ,32 ,30 
일반,세종,세종,조치원,완료,940 ,940 ,759 ,759 ,759 ,0 ,100 ,12 ,11 
일반,세종,세종,명학,완료,838 ,838 ,568 ,568 ,568 ,0 ,100 ,37 ,36 
일반,세종,세종,부강(구 부용),완료,562 ,562 ,398 ,398 ,398 ,0 ,100 ,11 ,11 
일반,세종,세종,세종미래,완료,560 ,560 ,386 ,386 ,386 ,0 ,100 ,24 ,16 
일반,세종,세종,세종스마트그린,조성중,849 ,832 ,530 ,530 ,524 ,6 ,99 ,0 ,0 
일반,세종,세종,세종벤처밸리,미개발,611 ,590 ,323 ,0 ,0 ,0 ,0 ,0 ,0 
일반,세종,세종,세종첨단,완료,664 ,663 ,443 ,443 ,443 ,0 ,100 ,25 ,24 
일반,세종,세종,전동,조성중,140 ,138 ,86 ,82 ,44 ,38 ,54 ,0 ,0 
일반,세종,세종,세종복합,미개발,829 ,827 ,470 ,0 ,0 ,0 ,0 ,0 ,0 
일반,경기,김포시,김포항공,완료,336 ,336 ,202 ,202 ,202 ,0 ,100 ,8 ,8 
일반,경기,김포시,상마,완료,79 ,79 ,63 ,63 ,63 ,0 ,100 ,37 ,37 
일반,경기,김포시,양촌,완료,1686 ,1686 ,939 ,939 ,939 ,0 ,100 ,963 ,960 
일반,경기,김포시,율생,완료,49 ,49 ,34 ,34 ,34 ,0 ,100 ,13 ,13 
일반,경기,김포시,통진(팬택),완료,34 ,34 ,30 ,30 ,30 ,0 ,100 ,4 ,3 
일반,경기,김포시,학운,완료,55 ,55 ,39 ,39 ,39 ,0 ,100 ,34 ,34 
일반,경기,김포시,학운2,완료,634 ,634 ,402 ,402 ,402 ,0 ,100 ,126 ,122 
일반,경기,동두천시,동두천,완료,260 ,260 ,150 ,150 ,150 ,0 ,100 ,54 ,54 
일반,경기,동두천시,동두천2,완료,185 ,185 ,130 ,130 ,130 ,0 ,100 ,29 ,29 
일반,경기,동두천시,상봉암,완료,53 ,53 ,46 ,46 ,46 ,0 ,100 ,7 ,7 
일반,경기,부천시,오정,완료,291 ,291 ,129 ,129 ,129 ,0 ,100 ,103 ,103 
일반,경기,성남시,성남[재생사업지구],완료,1511 ,1511 ,1164 ,1164 ,1164 ,0 ,100 ,2877 ,2873 
일반,경기,안산시,반월도금,완료,162 ,161 ,144 ,144 ,144 ,0 ,100 ,103 ,103 
일반,경기,안성시,가율,완료,58 ,58 ,50 ,50 ,50 ,0 ,100 ,3 ,3 
일반,경기,안성시,공도,완료,69 ,69 ,63 ,63 ,63 ,0 ,100 ,5 ,5 
일반,경기,안성시,금산,완료,58 ,58 ,34 ,34 ,34 ,0 ,100 ,16 ,13 
일반,경기,안성시,덕산,완료,59 ,59 ,48 ,48 ,48 ,0 ,100 ,12 ,12 
일반,경기,안성시,동항,완료,57 ,57 ,47 ,47 ,47 ,0 ,100 ,15 ,13 
일반,경기,안성시,두교,완료,56 ,56 ,48 ,48 ,48 ,0 ,100 ,9 ,8 
일반,경기,안성시,미양2,완료,160 ,160 ,144 ,144 ,144 ,0 ,100 ,6 ,5 
일반,경기,안성시,방초,완료,60 ,60 ,42 ,42 ,42 ,0 ,100 ,9 ,9 
일반,경기,안성시,안성제1,완료,668 ,668 ,549 ,549 ,549 ,0 ,100 ,42 ,38 
일반,경기,안성시,안성제2,완료,716 ,716 ,549 ,549 ,549 ,0 ,100 ,53 ,50 
일반,경기,안성시,안성제3,완료,397 ,397 ,285 ,285 ,285 ,0 ,100 ,50 ,44 
일반,경기,안성시,안성제4,완료,811 ,811 ,517 ,517 ,495 ,22 ,96 ,25 ,24 
일반,경기,안성시,용월,완료,59 ,59 ,40 ,40 ,40 ,0 ,100 ,12 ,12 
일반,경기,안성시,원곡,완료,100 ,100 ,79 ,79 ,79 ,0 ,100 ,6 ,6 
일반,경기,안성시,장원1,완료,60 ,59 ,47 ,47 ,47 ,0 ,100 ,15 ,15 
일반,경기,안성시,월정,완료,59 ,59 ,42 ,42 ,42 ,0 ,100 ,5 ,5 
일반,경기,양주시,구암,완료,46 ,46 ,39 ,39 ,39 ,0 ,100 ,2 ,1 
일반,경기,양주시,남면,완료,207 ,207 ,148 ,148 ,148 ,0 ,100 ,27 ,23 
일반,경기,양주시,도하,완료,67 ,67 ,57 ,57 ,57 ,0 ,100 ,1 ,1 
일반,경기,양주시,상수,완료,59 ,59 ,48 ,48 ,48 ,0 ,100 ,10 ,10 
일반,경기,오산시,가장,완료,513 ,513 ,332 ,332 ,332 ,0 ,100 ,42 ,39 
일반,경기,파주시,문발1,완료,50 ,50 ,30 ,30 ,30 ,0 ,100 ,16 ,16 
일반,경기,파주시,문발2,완료,206 ,206 ,164 ,164 ,164 ,0 ,100 ,17 ,17 
일반,경기,파주시,신촌,완료,190 ,190 ,120 ,120 ,120 ,0 ,100 ,80 ,67 
일반,경기,파주시,오산,완료,232 ,232 ,171 ,171 ,171 ,0 ,100 ,77 ,70 
일반,경기,파주시,축현,완료,298 ,298 ,186 ,186 ,186 ,0 ,100 ,107 ,91 
일반,경기,파주시,파주LCD,완료,1741 ,1741 ,1120 ,1120 ,1120 ,0 ,100 ,8 ,7 
일반,경기,파주시,법원2,완료,330 ,330 ,208 ,208 ,208 ,0 ,100 ,35 ,22 
일반,경기,평택시,고덕국제화계획지구,완료,3906 ,3906 ,2842 ,2842 ,2842 ,0 ,100 ,1 ,1 
일반,경기,평택시,어연한산,완료,690 ,690 ,463 ,463 ,463 ,0 ,100 ,34 ,30 
일반,경기,평택시,오성(외국인),완료,601 ,600 ,329 ,329 ,329 ,0 ,100 ,6 ,5 
일반,경기,평택시,장당,완료,150 ,150 ,142 ,142 ,142 ,0 ,100 ,5 ,5 
일반,경기,평택시,진위,완료,486 ,485 ,257 ,257 ,257 ,0 ,100 ,17 ,17 
일반,경기,평택시,추팔,완료,610 ,610 ,414 ,414 ,414 ,0 ,100 ,32 ,32 
일반,경기,평택시,칠괴,완료,641 ,641 ,495 ,495 ,495 ,0 ,100 ,16 ,15 
일반,경기,평택시,평택,완료,535 ,534 ,407 ,407 ,407 ,0 ,100 ,64 ,62 
일반,경기,평택시,현곡,완료,723 ,723 ,501 ,501 ,459 ,42 ,92 ,27 ,27 
일반,경기,포천시,신평,완료,57 ,57 ,43 ,43 ,43 ,0 ,100 ,9 ,9 
일반,경기,포천시,양문,완료,180 ,180 ,106 ,106 ,97 ,9 ,92 ,52 ,52 
일반,경기,화성시,동탄,완료,1974 ,1951 ,946 ,946 ,946 ,0 ,100 ,425 ,342 
일반,경기,화성시,마도,완료,929 ,929 ,587 ,587 ,587 ,0 ,100 ,282 ,176 
일반,경기,화성시,발안,완료,1839 ,1815 ,1292 ,1292 ,1292 ,0 ,100 ,543 ,385 
일반,경기,화성시,장안첨단(1)(외국인),완료,602 ,602 ,443 ,443 ,443 ,0 ,100 ,14 ,14 
일반,경기,화성시,장안첨단(2)(외국인),완료,614 ,614 ,331 ,331 ,331 ,0 ,100 ,8 ,7 
일반,경기,화성시,전곡해양,완료,1617 ,1617 ,975 ,975 ,975 ,0 ,100 ,302 ,237 
일반,경기,화성시,팔탄(한미약품),완료,80 ,80 ,59 ,59 ,59 ,0 ,100 ,1 ,1 
일반,경기,화성시,향남제약,완료,648 ,644 ,460 ,460 ,460 ,0 ,100 ,51 ,49 
일반,경기,화성시,화남,조성중,149 ,149 ,110 ,110 ,110 ,0 ,100 ,40 ,35 
일반,경기,화성시,화성,조성중,960 ,960 ,562 ,562 ,562 ,0 ,100 ,1 ,1 
일반,경기,연천군,장남,완료,99 ,87 ,62 ,62 ,62 ,0 ,100 ,1 ,1 
일반,경기,연천군,청산대전,완료,188 ,188 ,122 ,122 ,122 ,0 ,100 ,23 ,22 
일반,경기,파주시,적성,완료,600 ,601 ,423 ,423 ,423 ,0 ,100 ,96 ,86 
일반,경기,김포시,한강시네폴리스,조성중,1121 ,1121 ,433 ,0 ,0 ,0 ,0 ,0 ,0 
일반,경기,이천시,장호원,완료,60 ,59 ,44 ,44 ,44 ,0 ,100 ,11 ,10 
일반,경기,이천시,설성,완료,48 ,48 ,33 ,33 ,33 ,0 ,100 ,7 ,5 
일반,경기,이천시,모가,완료,60 ,60 ,43 ,43 ,43 ,0 ,100 ,2 ,1 
일반,경기,여주시,삼교,완료,56 ,56 ,36 ,36 ,36 ,0 ,100 ,2 ,2 
일반,경기,안성시,지문,완료,177 ,176 ,141 ,141 ,141 ,0 ,100 ,0 ,0 
일반,경기,김포시,학운4,완료,492 ,491 ,325 ,325 ,325 ,0 ,100 ,172 ,168 
일반,경기,양주시,홍죽,완료,586 ,582 ,352 ,352 ,352 ,0 ,100 ,85 ,84 
일반,경기,오산시,가장2,완료,595 ,595 ,401 ,401 ,401 ,0 ,100 ,70 ,63 
일반,경기,이천시,신둔,완료,39 ,39 ,25 ,25 ,25 ,0 ,100 ,2 ,2 
일반,경기,평택시,고렴,완료,265 ,265 ,196 ,196 ,126 ,70 ,64 ,9 ,9 
일반,경기,포천시,용정,완료,947 ,947 ,631 ,631 ,631 ,0 ,100 ,123 ,81 
일반,경기,평택시,LG Digital Park,완료,125 ,125 ,99 ,99 ,99 ,0 ,100 ,1 ,1 
일반,경기,화성시,경기화성바이오밸리,완료,1740 ,1740 ,1133 ,1133 ,1133 ,0 ,100 ,317 ,227 
일반,경기,화성시,안녕일반산업단지(구: 한강씨엠),조성중,51 ,50 ,25 ,0 ,0 ,0 ,0 ,1 ,1 
일반,경기,김포시,학운3,완료,958 ,958 ,584 ,584 ,584 ,0 ,100 ,300 ,287 
일반,경기,시흥시,매화,조성중,376 ,376 ,199 ,199 ,199 ,0 ,100 ,574 ,574 
일반,경기,용인시,원삼,조성중,109 ,109 ,88 ,88 ,0 ,88 ,0 ,6 ,4 
일반,경기,평택시,진위2,완료,956 ,956 ,644 ,644 ,644 ,0 ,100 ,33 ,13 
일반,경기,군포시,군포첨단,완료,288 ,287 ,160 ,160 ,160 ,0 ,100 ,84 ,84 
일반,경기,포천시,장자(구 신평3리),완료,484 ,484 ,268 ,268 ,173 ,95 ,65 ,79 ,53 
일반,경기,이천시,대월,완료,60 ,60 ,44 ,44 ,44 ,0 ,100 ,7 ,5 
일반,경기,남양주시,광릉테크노밸리(구 팔야),완료,209 ,205 ,107 ,107 ,107 ,0 ,100 ,36 ,31 
일반,경기,연천군,백학통구,완료,84 ,84 ,66 ,66 ,66 ,0 ,100 ,1 ,1 
일반,경기,용인시 처인구,제일바이오,완료,59 ,59 ,51 ,51 ,51 ,0 ,100 ,2 ,2 
일반,경기,남양주시,금곡,완료,130 ,130 ,72 ,72 ,72 ,0 ,100 ,33 ,32 
일반,경기,남양주시,진관,완료,142 ,142 ,98 ,98 ,98 ,0 ,100 ,64 ,64 
일반,경기,수원시,수원델타플렉스(1블록)(구 수원1),완료,287 ,287 ,154 ,154 ,154 ,0 ,100 ,396 ,396 
일반,경기,수원시,수원델타플렉스(2블록)(구 수원2),완료,123 ,121 ,70 ,70 ,70 ,0 ,100 ,63 ,63 
일반,경기,수원시,수원델타플렉스(3블록)(구 수원3),완료,847 ,847 ,577 ,577 ,577 ,0 ,100 ,638 ,638 
일반,경기,안성시,개정지방,완료,209 ,209 ,154 ,154 ,154 ,0 ,100 ,13 ,12 
일반,경기,양주시,검준,완료,145 ,145 ,88 ,88 ,88 ,0 ,100 ,56 ,52 
일반,경기,의정부시,용현,완료,346 ,345 ,210 ,210 ,210 ,0 ,100 ,132 ,132 
일반,경기,파주시,당동(외국인),완료,641 ,641 ,239 ,239 ,239 ,0 ,100 ,5 ,5 
일반,경기,파주시,선유,완료,1313 ,1313 ,695 ,695 ,695 ,0 ,100 ,125 ,111 
일반,경기,파주시,금파,완료,78 ,78 ,50 ,50 ,50 ,0 ,100 ,12 ,12 
일반,경기,파주시,월롱,완료,837 ,837 ,574 ,574 ,574 ,0 ,100 ,3 ,3 
일반,경기,파주시,탄현,완료,123 ,123 ,84 ,84 ,84 ,0 ,100 ,53 ,52 
일반,경기,파주시,법원1,미개발,303 ,303 ,164 ,0 ,0 ,0 ,0 ,0 ,0 
일반,경기,평택시,송탄,완료,1086 ,1086 ,787 ,787 ,787 ,0 ,100 ,141 ,139 
일반,경기,평택시,포승(2),완료,627 ,626 ,420 ,420 ,368 ,52 ,88 ,7 ,7 
일반,경기,가평군,목동,완료,60 ,60 ,48 ,48 ,48 ,0 ,100 ,14 ,11 
일반,경기,여주시,장안,완료,59 ,58 ,44 ,44 ,44 ,0 ,100 ,1 ,1 
일반,경기,여주시,강천,완료,58 ,58 ,38 ,38 ,38 ,0 ,100 ,7 ,6 
일반,경기,연천군,백학,완료,439 ,439 ,260 ,260 ,260 ,0 ,100 ,58 ,43 
일반,경기,파주시,파주스튜디오시티일반산업단지(구:월롱2),조성중,119 ,119 ,75 ,75 ,65 ,10 ,87 ,2 ,0 
일반,경기,화성시,주곡,조성중,200 ,200 ,141 ,141 ,141 ,0 ,100 ,30 ,26 
일반,경기,이천시,도암,완료,60 ,60 ,47 ,47 ,47 ,0 ,100 ,7 ,7 
일반,경기,이천시,도드람,완료,52 ,52 ,42 ,42 ,42 ,0 ,100 ,1 ,1 
일반,경기,여주시,남여주,완료,71 ,56 ,40 ,40 ,40 ,0 ,100 ,7 ,2 
일반,경기,안산시,팔곡,완료,141 ,141 ,64 ,64 ,64 ,0 ,100 ,39 ,39 
일반,경기,용인시,농서,완료,54 ,54 ,46 ,46 ,46 ,0 ,100 ,3 ,2 
일반,경기,용인시 처인구,완장,조성중,124 ,124 ,94 ,94 ,94 ,0 ,100 ,2 ,2 
일반,경기,안성시,마정,조성중,61 ,60 ,43 ,26 ,26 ,0 ,100 ,3 ,3 
일반,경기,안성시,볼빅,조성중,70 ,70 ,42 ,0 ,0 ,0 ,0 ,0 ,0 
일반,경기,이천시,신갈,완료,60 ,60 ,47 ,47 ,47 ,0 ,100 ,1 ,1 
일반,경기,안성시,마산,완료,75 ,75 ,61 ,61 ,61 ,0 ,100 ,1 ,1 
일반,경기,오산시,세마,완료,92 ,92 ,79 ,79 ,79 ,0 ,100 ,10 ,10 
일반,경기,포천시,금현,완료,141 ,140 ,93 ,93 ,93 ,0 ,100 ,14 ,13 
일반,경기,화성시,화성정남,조성중,570 ,570 ,386 ,386 ,386 ,0 ,100 ,123 ,101 
일반,경기,안성시,장원2,완료,60 ,60 ,40 ,40 ,33 ,7 ,83 ,7 ,6 
일반,경기,평택시,평택브레인시티,미개발,4825 ,4825 ,1735 ,0 ,0 ,0 ,0 ,0 ,0 
일반,경기,용인시,통삼,완료,49 ,49 ,37 ,37 ,37 ,0 ,100 ,7 ,6 
일반,경기,안성시,강문,조성중,88 ,88 ,65 ,0 ,0 ,0 ,0 ,0 ,0 
일반,경기,양주시,서울우유,완료,196 ,196 ,111 ,111 ,111 ,0 ,100 ,1 ,1 
일반,경기,양주시,원,조성중,121 ,121 ,78 ,20 ,20 ,0 ,100 ,0 ,0 
일반,경기,평택시,진위3(kdb Utoplex),미개발,828 ,826 ,531 ,0 ,0 ,0 ,0 ,0 ,0 
일반,경기,용인시,지곡,완료,72 ,72 ,46 ,46 ,46 ,0 ,100 ,2 ,1 
일반,경기,안성시,동항2,완료,150 ,150 ,104 ,104 ,104 ,0 ,100 ,20 ,19 
일반,경기,용인시,용인패키징디자인,완료,59 ,59 ,49 ,49 ,49 ,0 ,100 ,8 ,6 
일반,경기,이천시,관리,완료,38 ,38 ,32 ,32 ,32 ,0 ,100 ,4 ,2 
일반,경기,용인시,용인SG패션,조성중,54 ,51 ,28 ,2 ,2 ,0 ,100 ,0 ,0 
일반,경기,용인시,한컴,완료,59 ,59 ,49 ,49 ,49 ,0 ,100 ,1 ,1 
일반,경기,화성시,화성송산테크노파크,완료,529 ,528 ,364 ,364 ,364 ,0 ,100 ,153 ,99 
일반,경기,김포시,대포,조성중,250 ,250 ,171 ,0 ,0 ,0 ,0 ,47 ,32 
일반,경기,의왕시,의왕테크노파크,완료,158 ,158 ,79 ,79 ,79 ,0 ,100 ,679 ,679 
일반,경기,양주시,은남,조성중,992 ,992 ,714 ,0 ,0 ,0 ,0 ,0 ,0 
일반,경기,화성시,동방,조성중,119 ,119 ,73 ,0 ,0 ,0 ,0 ,0 ,0 
일반,경기,안성시,가유,조성중,114 ,114 ,79 ,0 ,0 ,0 ,0 ,0 ,0 
일반,경기,김포시,학운6,조성중,565 ,563 ,344 ,344 ,316 ,28 ,92 ,167 ,121 
일반,경기,포천시,에코그린,조성중,308 ,308 ,234 ,234 ,180 ,54 ,77 ,0 ,0 
일반,경기,연천군,연천BIX(은통),완료,600 ,600 ,391 ,391 ,84 ,307 ,21 ,25 ,0 
일반,경기,화성시,영진바이오,완료,45 ,45 ,37 ,37 ,37 ,0 ,100 ,1 ,1 
일반,경기,김포시,학운4-1,조성중,135 ,135 ,79 ,79 ,77 ,2 ,97 ,45 ,35 
일반,경기,안성시,동문,조성중,78 ,78 ,57 ,0 ,0 ,0 ,0 ,0 ,0 
일반,경기,포천시,진목,미개발,90 ,90 ,69 ,0 ,0 ,0 ,0 ,1 ,0 
일반,경기,안성시,마산2,조성중,126 ,127 ,78 ,0 ,0 ,0 ,0 ,0 ,0 
일반,경기,안성시,북좌,미개발,42 ,42 ,35 ,0 ,0 ,0 ,0 ,0 ,0 
일반,경기,파주시,축현2,완료,71 ,69 ,37 ,37 ,37 ,0 ,100 ,1 ,1 
일반,경기,용인시,용인테크노밸리(구 덕성),완료,839 ,839 ,519 ,519 ,519 ,0 ,100 ,146 ,124 
일반,경기,평택시,평택드림테크(구 신재생),완료,1345 ,1330 ,908 ,908 ,908 ,0 ,100 ,0 ,0 
일반,경기,시흥시,광명시흥,미개발,975 ,973 ,468 ,0 ,0 ,0 ,0 ,0 ,0 
일반,경기,파주시,파주센트럴밸리,조성중,493 ,493 ,300 ,300 ,300 ,0 ,100 ,47 ,29 
일반,경기,평택시,서탄(구 유창),미개발,280 ,280 ,193 ,0 ,0 ,0 ,0 ,0 ,0 
일반,경기,평택시,평택BIX(경기경제자유구역),완료,1044 ,1044 ,782 ,782 ,371 ,411 ,47 ,37 ,6 
일반,경기,안성시,안성제5일반산업단지(구: 안성중소기업),미개발,709 ,709 ,400 ,0 ,0 ,0 ,0 ,0 ,0 
일반,경기,용인시,제일,조성중,56 ,56 ,46 ,37 ,0 ,37 ,0 ,0 ,0 
일반,경기,안성시,안성하이랜드,조성중,293 ,293 ,207 ,0 ,0 ,0 ,0 ,21 ,19 
일반,경기,김포시,학운5,조성중,893 ,890 ,519 ,0 ,0 ,0 ,0 ,67 ,24 
일반,경기,화성시,동진,조성중,182 ,182 ,131 ,0 ,0 ,0 ,0 ,1 ,1 
일반,경기,김포시,학운7,미개발,187 ,187 ,118 ,0 ,0 ,0 ,0 ,0 ,0 
일반,경기,파주시,파평,완료,595 ,595 ,387 ,387 ,256 ,131 ,66 ,22 ,3 
일반,경기,오산시,오산가장제3,완료,163 ,163 ,104 ,104 ,104 ,0 ,100 ,34 ,24 
일반,경기,이천시,남이천,완료,55 ,54 ,46 ,46 ,46 ,0 ,100 ,3 ,0 
일반,경기,용인시,용인반도체클러스터,조성중,4156 ,4010 ,2696 ,0 ,0 ,0 ,0 ,0 ,0 
일반,경기,안성시,안성테크노밸리,조성중,765 ,765 ,467 ,0 ,0 ,0 ,0 ,0 ,0 
일반,경기,용인시,백암,조성중,50 ,50 ,35 ,13 ,13 ,0 ,100 ,0 ,0 
일반,경기,이천시,이천유산,조성중,50 ,50 ,36 ,0 ,0 ,0 ,0 ,2 ,0 
일반,경기,용인시 처인구,제2용인테크노밸리,미개발,272 ,269 ,143 ,0 ,0 ,0 ,0 ,0 ,0 
일반,경기,김포시,학운3-1,미개발,119 ,119 ,55 ,0 ,0 ,0 ,0 ,9 ,0 
일반,경기,화성시,H-테크노밸리일반산업단지,미개발,736 ,735 ,414 ,0 ,0 ,0 ,0 ,0 ,0 
일반,경기,평택시,평택첨단복합일반산업단지,미개발,460 ,460 ,316 ,0 ,0 ,0 ,0 ,0 ,0 
일반,경기,안산시,안산신길일반산업단지,미개발,279 ,279 ,133 ,0 ,0 ,0 ,0 ,0 ,0 
일반,경기,이천시,대월2일반산업단지,미개발,46 ,46 ,34 ,0 ,0 ,0 ,0 ,0 ,0 
일반,경기,평택시,평택서탄제2일반산업단지,미개발,290 ,290 ,236 ,0 ,0 ,0 ,0 ,0 ,0 
일반,경기,안성시,안성축산식품복합일반산업단지,미개발,158 ,159 ,87 ,0 ,0 ,0 ,0 ,0 ,0 
일반,경기,여주시,여주가남일반산업단지,미개발,57 ,57 ,38 ,0 ,0 ,0 ,0 ,0 ,0 
일반,경기,용인시 처인구,용인죽능일반산업단지,미개발,69 ,49 ,45 ,0 ,0 ,0 ,0 ,0 ,0 
일반,경기,여주시,가남신해1일반산업단지,미개발,55 ,28 ,26 ,0 ,0 ,0 ,0 ,0 ,0 
일반,경기,여주시,가남신해2일반산업단지,미개발,57 ,30 ,24 ,0 ,0 ,0 ,0 ,0 ,0 
일반,경기,여주시,가남신해3일반산업단지,미개발,59 ,39 ,38 ,0 ,0 ,0 ,0 ,0 ,0 
일반,경기,여주시,가남신해4일반산업단지,미개발,50 ,28 ,27 ,0 ,0 ,0 ,0 ,0 ,0 
일반,경기,여주시,가남신해5일반산업단지,미개발,51 ,28 ,26 ,0 ,0 ,0 ,0 ,0 ,0 
일반,강원,강릉시,강릉과학,완료,1487 ,1487 ,856 ,856 ,804 ,52 ,94 ,157 ,149 
일반,강원,강릉시,강릉중소,완료,164 ,164 ,69 ,69 ,69 ,0 ,100 ,36 ,22 
일반,강원,원주시,원주자동차부품,완료,93 ,93 ,78 ,78 ,78 ,0 ,100 ,6 ,3 
일반,강원,춘천시,남면,완료,65 ,64 ,31 ,31 ,31 ,0 ,100 ,1 ,1 
일반,강원,춘천시,전력IT문화복합,완료,354 ,354 ,102 ,102 ,102 ,0 ,100 ,15 ,15 
일반,강원,홍천군,홍천북방,완료,525 ,525 ,435 ,435 ,435 ,0 ,100 ,2 ,2 
일반,강원,횡성군,우천,완료,755 ,755 ,510 ,510 ,472 ,38 ,93 ,20 ,18 
일반,강원,삼척시,삼척종합발전,조성중,2581 ,2581 ,1726 ,1724 ,1724 ,0 ,100 ,1 ,0 
일반,강원,춘천시,남춘천,조성중,267 ,268 ,193 ,193 ,193 ,0 ,100 ,25 ,19 
일반,강원,동해시,북평제2,조성중,593 ,593 ,310 ,310 ,88 ,222 ,28 ,0 ,0 
일반,강원,강릉시,강릉옥계,조성중,482 ,482 ,382 ,187 ,187 ,0 ,100 ,1 ,0 
일반,강원,동해시,송정,완료,323 ,323 ,269 ,269 ,269 ,0 ,100 ,1 ,1 
일반,강원,원주시,동화,완료,409 ,409 ,277 ,277 ,277 ,0 ,100 ,28 ,27 
일반,강원,원주시,부론,조성중,609 ,609 ,369 ,0 ,0 ,0 ,0 ,0 ,0 
일반,강원,철원군,플라즈마,조성중,315 ,315 ,208 ,208 ,7 ,201 ,3 ,2 ,0 
일반,강원,태백시,동점(구 태백스포츠),완료,216 ,218 ,114 ,114 ,91 ,23 ,80 ,5 ,5 
일반,강원,원주시,문막[재생사업지구],완료,396 ,336 ,198 ,198 ,198 ,0 ,100 ,24 ,20 
일반,강원,원주시,문막반계 (① + ②),조성중,423 ,420 ,282 ,282 ,266 ,16 ,94 ,38 ,34 
일반,강원,원주시,   문막반계 ①,조성중,339 ,336 ,198 ,198 ,182 ,16 ,92 ,30 ,28 
일반,강원,원주시,   문막반계(문막중소협력외국인) ②,완료,84 ,84 ,84 ,84 ,84 ,0 ,100 ,8 ,6 
일반,강원,원주시,우산,완료,346 ,346 ,288 ,288 ,288 ,0 ,100 ,20 ,15 
일반,강원,원주시,포진,조성중,96 ,96 ,67 ,37 ,0 ,37 ,0 ,0 ,0 
일반,강원,춘천시,후평[재생사업지구],완료,483 ,487 ,263 ,263 ,263 ,0 ,100 ,425 ,338 
일반,강원,삼척시,호산(LNG),완료,982 ,980 ,722 ,722 ,722 ,0 ,100 ,1 ,1 
일반,강원,춘천시,동춘천(구 봉명),완료,539 ,538 ,314 ,314 ,314 ,0 ,100 ,27 ,25 
일반,강원,강릉시,옥계첨단소재융합,완료,383 ,383 ,201 ,201 ,0 ,201 ,0 ,0 ,0 
일반,강원,태백시,철암고터실일반산업단지,미개발,200 ,199 ,127 ,0 ,0 ,0 ,0 ,0 ,0 
일반,강원,삼척시,삼척수소특화일반산업단지,조성중,139 ,139 ,87 ,0 ,0 ,0 ,0 ,0 ,0 
일반,충북,제천시,제천,완료,1472 ,1472 ,729 ,729 ,729 ,0 ,100 ,46 ,45 
일반,충북,제천시,제천제2,완료,1307 ,1307 ,788 ,788 ,788 ,0 ,100 ,52 ,48 
일반,충북,청주시,청주[재생사업지구:부분],완료,4098 ,4098 ,2906 ,2906 ,2906 ,0 ,100 ,743 ,714 
일반,충북,청주시,청주테크노폴리스,조성중,3795 ,1846 ,1425 ,1425 ,1328 ,97 ,93 ,18 ,14 
일반,충북,충주시,중원,완료,375 ,375 ,204 ,204 ,204 ,0 ,100 ,30 ,29 
일반,충북,충주시,충주DH,완료,77 ,77 ,73 ,73 ,73 ,0 ,100 ,3 ,2 
일반,충북,충주시,만정,완료,50 ,50 ,45 ,45 ,45 ,0 ,100 ,2 ,2 
일반,충북,충주시,충주제1,완료,1270 ,1270 ,817 ,817 ,817 ,0 ,100 ,45 ,40 
일반,충북,충주시,충주제3,완료,129 ,129 ,103 ,103 ,103 ,0 ,100 ,9 ,8 
일반,충북,충주시,충주제4,완료,176 ,176 ,156 ,156 ,156 ,0 ,100 ,4 ,4 
일반,충북,충주시,충주첨단,완료,1992 ,1920 ,916 ,916 ,916 ,0 ,100 ,61 ,56 
일반,충북,괴산군,괴산첨단,완료,468 ,468 ,294 ,294 ,294 ,0 ,100 ,15 ,10 
일반,충북,영동군,주곡,조성중,149 ,149 ,84 ,0 ,0 ,0 ,0 ,0 ,0 
일반,충북,영동군,영동,완료,999 ,999 ,594 ,594 ,580 ,14 ,98 ,36 ,25 
일반,충북,옥천군,청산,완료,353 ,352 ,255 ,255 ,224 ,31 ,88 ,10 ,10 
일반,충북,음성군,금왕,완료,571 ,571 ,414 ,414 ,407 ,7 ,98 ,11 ,11 
일반,충북,음성군,대풍,완료,439 ,435 ,325 ,325 ,325 ,0 ,100 ,11 ,11 
일반,충북,음성군,맹동,완료,419 ,419 ,274 ,274 ,274 ,0 ,100 ,42 ,41 
일반,충북,음성군,원남,완료,1113 ,1111 ,794 ,794 ,793 ,1 ,100 ,71 ,63 
일반,충북,음성군,육령,완료,63 ,63 ,40 ,40 ,40 ,0 ,100 ,1 ,0 
일반,충북,음성군,음성이테크,완료,135 ,135 ,81 ,81 ,81 ,0 ,100 ,21 ,8 
일반,충북,음성군,음성하이텍,완료,397 ,397 ,313 ,313 ,313 ,0 ,100 ,17 ,3 
일반,충북,음성군,중부,완료,148 ,148 ,115 ,115 ,115 ,0 ,100 ,1 ,1 
일반,충북,증평군,증평,완료,682 ,682 ,507 ,507 ,507 ,0 ,100 ,12 ,11 
일반,충북,증평군,증평2,완료,702 ,703 ,515 ,515 ,515 ,0 ,100 ,35 ,31 
일반,충북,진천군,이월,완료,300 ,300 ,213 ,213 ,213 ,0 ,100 ,6 ,6 
일반,충북,진천군,초평은암,완료,611 ,611 ,265 ,265 ,265 ,0 ,100 ,12 ,9 
일반,충북,음성군,리노삼봉,조성중,246 ,246 ,182 ,155 ,155 ,0 ,100 ,11 ,5 
일반,충북,진천군,문백정밀기계,완료,400 ,400 ,142 ,142 ,142 ,0 ,100 ,4 ,4 
일반,충북,괴산군,괴산자연드림파크산업단지(구:괴산유기식품),조성중,806 ,806 ,185 ,185 ,50 ,135 ,27 ,14 ,14 
일반,충북,단양군,단양(구 단양신소재),완료,351 ,350 ,189 ,189 ,189 ,0 ,100 ,10 ,10 
일반,충북,음성군,상우(구 감곡),조성중,574 ,574 ,378 ,378 ,378 ,0 ,100 ,0 ,0 
일반,충북,진천군,문백금성,완료,118 ,118 ,69 ,69 ,69 ,0 ,100 ,2 ,2 
일반,충북,진천군,문백태흥(구 태략협동화),조성중,97 ,97 ,74 ,74 ,74 ,0 ,100 ,4 ,3 
일반,충북,충주시,대신,완료,47 ,47 ,28 ,28 ,28 ,0 ,100 ,1 ,1 
일반,충북,증평군,덕유,완료,60 ,60 ,40 ,40 ,40 ,0 ,100 ,1 ,0 
일반,충북,음성군,생극,완료,457 ,457 ,313 ,313 ,313 ,0 ,100 ,38 ,31 
일반,충북,진천군,죽현,완료,145 ,145 ,119 ,119 ,119 ,0 ,100 ,2 ,2 
일반,충북,충주시,KGC예본(구 KT&G),완료,87 ,92 ,59 ,59 ,59 ,0 ,100 ,1 ,1 
일반,충북,괴산군,괴산대제(건축자재),완료,849 ,849 ,554 ,554 ,554 ,0 ,100 ,44 ,43 
일반,충북,음성군,오선,완료,459 ,459 ,349 ,349 ,349 ,0 ,100 ,19 ,14 
일반,충북,청주시,오창과학 (① + ②),완료,9597 ,8357 ,4487 ,4487 ,4422 ,65 ,99 ,234 ,228 
일반,충북,청주시,   오창과학 ①,완료,8843 ,7797 ,3927 ,3927 ,3927 ,0 ,100 ,221 ,215 
일반,충북,청주시,   오창(외국인) ②,완료,754 ,560 ,560 ,560 ,495 ,65 ,88 ,13 ,13 
일반,충북,청주시,오창제2,완료,1390 ,1390 ,520 ,520 ,520 ,0 ,100 ,8 ,8 
일반,충북,청주시,현도,완료,719 ,719 ,415 ,415 ,415 ,0 ,100 ,4 ,4 
일반,충북,청주시,옥산,완료,1393 ,1392 ,768 ,768 ,768 ,0 ,100 ,60 ,53 
일반,충북,청주시,청주에어로폴리스2지구,조성중,409 ,409 ,240 ,0 ,0 ,0 ,0 ,0 ,0 
일반,충북,음성군,유촌,완료,413 ,413 ,284 ,284 ,284 ,0 ,100 ,41 ,28 
일반,충북,청주시,강내,완료,67 ,66 ,54 ,54 ,54 ,0 ,100 ,1 ,0 
일반,충북,진천군,산수 (① + ②),완료,1304 ,1296 ,868 ,868 ,868 ,0 ,100 ,75 ,70 
일반,충북,진천군,   산수 ①,완료,1196 ,1188 ,760 ,760 ,760 ,0 ,100 ,72 ,68 
일반,충북,진천군,   산수(산수중소협력외국인) ②,완료,108 ,108 ,108 ,108 ,108 ,0 ,100 ,3 ,2 
일반,충북,보은군,보은동부,완료,688 ,688 ,358 ,358 ,358 ,0 ,100 ,1 ,1 
일반,충북,청주시 흥덕구,오송제2생명과학,완료,3284 ,1680 ,1162 ,1162 ,1162 ,0 ,100 ,116 ,77 
일반,충북,충주시,충주제5,완료,296 ,296 ,203 ,203 ,6 ,197 ,3 ,7 ,7 
일반,충북,보은군,보은,완료,1276 ,1276 ,799 ,799 ,731 ,68 ,91 ,53 ,42 
일반,충북,제천시,제천제3,완료,1088 ,1088 ,699 ,699 ,536 ,163 ,77 ,12 ,12 
일반,충북,충주시,충주인프라시티,완료,149 ,149 ,60 ,60 ,60 ,0 ,100 ,1 ,1 
일반,충북,옥천군,옥천테크노밸리(구:옥천제2의료기기),완료,357 ,357 ,235 ,235 ,219 ,16 ,93 ,3 ,3 
일반,충북,음성군,성본,완료,2002 ,2002 ,781 ,781 ,596 ,185 ,76 ,56 ,36 
일반,충북,진천군,에스폼,완료,414 ,413 ,274 ,274 ,274 ,0 ,100 ,2 ,2 
일반,충북,진천군,케이푸드밸리(구 송두),완료,832 ,832 ,655 ,655 ,655 ,0 ,100 ,5 ,3 
일반,충북,괴산군,충청북도수산식품,완료,76 ,76 ,30 ,30 ,25 ,5 ,83 ,4 ,4 
일반,충북,음성군,성안,조성중,136 ,136 ,69 ,68 ,68 ,0 ,100 ,0 ,0 
일반,충북,음성군,금왕테크노밸리,조성중,1083 ,1083 ,739 ,721 ,721 ,0 ,100 ,76 ,54 
일반,충북,충주시,화석,완료,71 ,71 ,44 ,44 ,44 ,0 ,100 ,1 ,1 
일반,충북,청주시,청주센트럴벨리일반산업단지(구:국사),조성중,958 ,958 ,504 ,384 ,329 ,55 ,86 ,20 ,0 
일반,충북,청주시,오창테크노폴리스,조성중,2017 ,2017 ,1290 ,926 ,788 ,138 ,85 ,12 ,0 
일반,충북,충주시,충주특화기술(구 녹색패션),조성중,201 ,201 ,98 ,0 ,0 ,0 ,0 ,0 ,0 
일반,충북,진천군,신척(구 진천),완료,1536 ,1536 ,1025 ,1025 ,1025 ,0 ,100 ,99 ,94 
일반,충북,청주시,오창제3(구 성재),완료,576 ,576 ,365 ,365 ,365 ,0 ,100 ,36 ,35 
일반,충북,충주시,충주메가폴리스,완료,1784 ,1783 ,1236 ,1236 ,1236 ,0 ,100 ,59 ,57 
일반,충북,충주시,동충주(구:북부),완료,1387 ,1387 ,859 ,859 ,431 ,428 ,50 ,13 ,10 
일반,충북,음성군,맹동인곡,조성중,1735 ,1735 ,917 ,853 ,411 ,442 ,48 ,22 ,0 
일반,충북,음성군,성안제2,조성중,279 ,279 ,178 ,56 ,56 ,0 ,100 ,0 ,0 
일반,충북,충주시,산척,조성중,132 ,132 ,88 ,0 ,0 ,0 ,0 ,0 ,0 
일반,충북,청주시,남청주현도,조성중,1051 ,1051 ,354 ,174 ,128 ,46 ,74 ,29 ,0 
일반,충북,음성군,용산,조성중,1036 ,1036 ,638 ,638 ,613 ,25 ,96 ,24 ,3 
일반,충북,청주시,서오창테크노밸리,조성중,900 ,900 ,470 ,470 ,406 ,64 ,86 ,74 ,2 
일반,충북,청주시,오송화장품,미개발,795 ,795 ,370 ,0 ,0 ,0 ,0 ,0 ,0 
일반,충북,청주시,청주하이테크밸리,조성중,1007 ,998 ,642 ,521 ,521 ,0 ,100 ,20 ,0 
일반,충북,청주시,청주그린스마트밸리(구:북이),조성중,1002 ,970 ,613 ,0 ,0 ,0 ,0 ,0 ,0 
일반,충북,제천시,제천봉양,완료,134 ,134 ,91 ,91 ,91 ,0 ,100 ,0 ,0 
일반,충북,충주시,충주드림파크,조성중,1698 ,1683 ,1064 ,0 ,0 ,0 ,0 ,0 ,0 
일반,충북,청주시,청주한국전통공예촌복합문화,미개발,303 ,303 ,59 ,0 ,0 ,0 ,0 ,0 ,0 
일반,충북,진천군,진천테크노폴리스,조성중,806 ,806 ,590 ,148 ,148 ,0 ,100 ,4 ,0 
일반,충북,충주시,충주비즈코어시티,미개발,274 ,274 ,155 ,0 ,0 ,0 ,0 ,0 ,0 
일반,충북,음성군,음성테크노폴리스,미개발,653 ,653 ,444 ,0 ,0 ,0 ,0 ,0 ,0 
일반,충북,청주시,오송바이오,미개발,283 ,283 ,200 ,0 ,0 ,0 ,0 ,0 ,0 
일반,충북,진천군,문백,미개발,299 ,298 ,172 ,0 ,0 ,0 ,0 ,0 ,0 
일반,충북,진천군,진천스마트복합산업단지,미개발,1135 ,1135 ,763 ,0 ,0 ,0 ,0 ,0 ,0 
일반,충북,진천군,진천메가폴리스산업단지,미개발,1460 ,1449 ,852 ,0 ,0 ,0 ,0 ,0 ,0 
일반,충북,청주시,청주에어로폴리스3일반산업단지(충북경제자유구역),미개발,1129 ,1129 ,720 ,0 ,0 ,0 ,0 ,0 ,0 
일반,충북,영동군,황간산업단지,미개발,210 ,210 ,142 ,0 ,0 ,0 ,0 ,0 ,0 
일반,충북,음성군,음성삼성테크노,미개발,1481 ,1481 ,890 ,0 ,0 ,0 ,0 ,0 ,0 
일반,충북,청주시,오창나노테크스마트밸리산업단지,미개발,1612 ,1612 ,922 ,0 ,0 ,0 ,0 ,0 ,0 
일반,충북,충주시,충주법현산업단지,미개발,278 ,277 ,190 ,0 ,0 ,0 ,0 ,0 ,0 
일반,충북,증평군,증평3일반산업단지,미개발,772 ,772 ,542 ,0 ,0 ,0 ,0 ,0 ,0 
일반,충북,음성군,생극제2산업단지,미개발,403 ,403 ,281 ,0 ,0 ,0 ,0 ,0 ,0 
일반,충북,충주시,중원제2일반산업단지,미개발,230 ,230 ,161 ,0 ,0 ,0 ,0 ,0 ,0 
일반,충북,청주시,청주클래식스마트밸리산업단지,미개발,1126 ,1125 ,447 ,0 ,0 ,0 ,0 ,0 ,0 
일반,충북,진천군,진천혁신스마트밸리산업단지,미개발,1003 ,1003 ,502 ,0 ,0 ,0 ,0 ,0 ,0 
일반,충남,공주시,탄천,완료,996 ,996 ,652 ,652 ,652 ,0 ,100 ,34 ,28 
일반,충남,공주시,유구자카드,완료,96 ,96 ,61 ,61 ,61 ,0 ,100 ,12 ,8 
일반,충남,논산시,논산,완료,253 ,253 ,165 ,165 ,165 ,0 ,100 ,24 ,24 
일반,충남,논산시,논산2,완료,509 ,509 ,388 ,388 ,388 ,0 ,100 ,10 ,10 
일반,충남,논산시,동산,완료,729 ,728 ,476 ,476 ,476 ,0 ,100 ,22 ,15 
일반,충남,보령시,관창,조성중,2442 ,2442 ,1256 ,1256 ,1256 ,0 ,100 ,16 ,16 
일반,충남,보령시,영보,조성중,1251 ,1251 ,834 ,323 ,323 ,0 ,100 ,1 ,1 
일반,충남,서산시,대산,완료,1103 ,1103 ,863 ,863 ,863 ,0 ,100 ,4 ,4 
일반,충남,서산시,대죽,완료,2101 ,2101 ,1541 ,1541 ,1541 ,0 ,100 ,12 ,12 
일반,충남,서산시,서산테크노밸리,완료,1986 ,1986 ,683 ,683 ,683 ,0 ,100 ,68 ,49 
일반,충남,아산시,인주 (① + ② + ③),완료,3530 ,3527 ,2554 ,2554 ,2554 ,0 ,100 ,48 ,43 
일반,충남,아산시,   인주1 ①,완료,1553 ,1552 ,981 ,981 ,981 ,0 ,100 ,40 ,36 
일반,충남,아산시,   인주(외국인) ②,완료,165 ,164 ,159 ,159 ,159 ,0 ,100 ,7 ,6 
일반,충남,아산시,   아산현대모터스밸리(구 인주2) ③,완료,1812 ,1811 ,1414 ,1414 ,1414 ,0 ,100 ,1 ,1 
일반,충남,아산시,아산테크노밸리,완료,2984 ,2984 ,1374 ,1374 ,1374 ,0 ,100 ,83 ,80 
일반,충남,아산시,운용,완료,74 ,74 ,64 ,64 ,64 ,0 ,100 ,10 ,7 
일반,충남,천안시,천안3 (① + ②),완료,2134 ,2100 ,1385 ,1385 ,1385 ,0 ,100 ,52 ,50 
일반,충남,천안시,   천안제3 ①,완료,1641 ,1608 ,912 ,912 ,912 ,0 ,100 ,14 ,14 
일반,충남,천안시,   천안3(외국인) ②,완료,493 ,492 ,473 ,473 ,473 ,0 ,100 ,38 ,36 
일반,충남,천안시,천안제2[재생사업지구],완료,828 ,827 ,567 ,567 ,567 ,0 ,100 ,230 ,228 
일반,충남,천안시,천안제4,완료,1006 ,1006 ,629 ,629 ,629 ,0 ,100 ,85 ,85 
일반,충남,천안시,천안산업기술,완료,183 ,183 ,131 ,131 ,131 ,0 ,100 ,187 ,187 
일반,충남,천안시,천흥,완료,651 ,649 ,426 ,426 ,426 ,0 ,100 ,14 ,12 
일반,충남,천안시,풍세,완료,1645 ,1644 ,823 ,823 ,823 ,0 ,100 ,81 ,80 
일반,충남,당진시,합덕,완료,970 ,969 ,577 ,577 ,569 ,8 ,99 ,59 ,56 
일반,충남,홍성군,홍성,완료,1135 ,1135 ,772 ,772 ,730 ,42 ,95 ,9 ,9 
일반,충남,예산군,예산,완료,1507 ,1506 ,1030 ,1030 ,1030 ,0 ,100 ,45 ,40 
일반,충남,예산군,예산신소재,완료,1040 ,654 ,315 ,315 ,315 ,0 ,100 ,13 ,13 
일반,충남,서산시,대산컴플렉스,완료,648 ,648 ,478 ,478 ,478 ,0 ,100 ,3 ,3 
일반,충남,당진시,현대제철(구 송산),조성중,5717 ,5715 ,4341 ,4280 ,4280 ,0 ,100 ,1 ,1 
일반,충남,당진시,합덕인더스파크,완료,641 ,640 ,469 ,469 ,363 ,106 ,77 ,5 ,5 
일반,충남,당진시,당진1철강,조성중,2080 ,2012 ,1659 ,1659 ,1659 ,0 ,100 ,4 ,4 
일반,충남,서산시,현대대죽,조성중,673 ,671 ,609 ,609 ,609 ,0 ,100 ,4 ,2 
일반,충남,예산군,예당 (① + ②),미개발,1043 ,1043 ,666 ,666 ,666 ,0 ,100 ,57 ,47 
일반,충남,예산군,   예당(1공구) ①,완료,995 ,995 ,666 ,666 ,666 ,0 ,100 ,57 ,47 
일반,충남,예산군,   예당(2공구) ②,미개발,48 ,48 ,0 ,0 ,0 ,0 ,0 ,0 ,0 
일반,충남,계룡시,계룡제1(구 입암),완료,323 ,323 ,156 ,156 ,156 ,0 ,100 ,26 ,26 
일반,충남,공주시,세종(구 가산),미개발,664 ,660 ,450 ,0 ,0 ,0 ,0 ,0 ,0 
일반,충남,아산시,아산디스플레이시티2(구 탕정2),조성중,2095 ,2094 ,687 ,577 ,577 ,0 ,100 ,1 ,0 
일반,충남,아산시,아산디스플레이시티1(구 탕정컴플렉스),완료,2534 ,2451 ,1562 ,1562 ,1562 ,0 ,100 ,6 ,6 
일반,충남,천안시,천안제5 (① + ②),조성중,2149 ,2148 ,1358 ,890 ,890 ,0 ,100 ,66 ,61 
일반,충남,천안시,   천안제5 ①,조성중,1659 ,1659 ,869 ,554 ,554 ,0 ,100 ,47 ,45 
일반,충남,천안시,   천안5(외국인) ②,조성중,490 ,489 ,489 ,336 ,336 ,0 ,100 ,19 ,16 
일반,충남,서산시,서산남부(구 서산도시형),미개발,878 ,878 ,588 ,0 ,0 ,0 ,0 ,0 ,0 
일반,충남,아산시,아산제2테크노밸리,완료,1200 ,1200 ,775 ,775 ,775 ,0 ,100 ,99 ,89 
일반,충남,서산시,대산3,완료,539 ,539 ,453 ,453 ,453 ,0 ,100 ,12 ,12 
일반,충남,공주시,남공주,조성중,732 ,731 ,508 ,508 ,484 ,24 ,95 ,22 ,4 
일반,충남,천안시,마정,완료,150 ,149 ,99 ,99 ,99 ,0 ,100 ,48 ,48 
일반,충남,금산군,금산,완료,921 ,919 ,717 ,717 ,717 ,0 ,100 ,1 ,1 
일반,충남,천안시,천안LG생활건강퓨처,완료,389 ,387 ,138 ,138 ,138 ,0 ,100 ,0 ,0 
일반,충남,천안시,천안동부바이오,조성중,334 ,334 ,229 ,0 ,0 ,0 ,0 ,0 ,0 
일반,충남,아산시,아산탕정테크노,조성중,685 ,682 ,198 ,198 ,68 ,130 ,34 ,7 ,0 
일반,충남,아산시,탕정 (① + ②),완료,505 ,505 ,100 ,100 ,100 ,0 ,100 ,10 ,6 
일반,충남,아산시,   탕정(산업단지) ①,완료,420 ,420 ,15 ,15 ,15 ,0 ,100 ,6 ,3 
일반,충남,아산시,   탕정(외국인) ②,완료,85 ,85 ,85 ,85 ,85 ,0 ,100 ,4 ,3 
일반,충남,당진시,송산2 (① + ②),조성중,4280 ,4277 ,2131 ,2131 ,2030 ,101 ,95 ,46 ,41 
일반,충남,당진시,   송산2(산업단지) ①,조성중,3863 ,3861 ,1715 ,1715 ,1715 ,0 ,100 ,38 ,34 
일반,충남,당진시,   송산2(송산2중소협력외국인) ②,완료,417 ,416 ,416 ,416 ,315 ,101 ,76 ,8 ,7 
일반,충남,아산시,아산스마트밸리,조성중,579 ,451 ,183 ,183 ,183 ,0 ,100 ,22 ,17 
일반,충남,서산시,서산오토밸리(구 서산),완료,3990 ,3989 ,2698 ,2698 ,2673 ,25 ,99 ,49 ,43 
일반,충남,서산시,서산인더스밸리(구 서산2),완료,812 ,811 ,606 ,606 ,606 ,0 ,100 ,12 ,9 
일반,충남,서산시,씨지엔대산전력(구 엠피씨),완료,184 ,183 ,168 ,168 ,168 ,0 ,100 ,1 ,0 
일반,충남,보령시,웅천(구 선진),완료,686 ,686 ,482 ,482 ,207 ,275 ,43 ,16 ,6 
일반,충남,아산시,아산디지털(구 음봉디지털),조성중,444 ,356 ,237 ,237 ,237 ,0 ,100 ,7 ,7 
일반,충남,공주시,쌍신,미개발,227 ,227 ,138 ,0 ,0 ,0 ,0 ,0 ,0 
일반,충남,아산시,염치,조성중,381 ,379 ,261 ,103 ,96 ,7 ,93 ,5 ,1 
일반,충남,아산시,인주(3공구),미개발,1817 ,1780 ,822 ,0 ,0 ,0 ,0 ,0 ,0 
일반,충남,천안시,천안북부BIT,조성중,875 ,875 ,537 ,0 ,0 ,0 ,0 ,0 ,0 
일반,충남,공주시,동현,미개발,301 ,301 ,205 ,0 ,0 ,0 ,0 ,0 ,0 
일반,충남,천안시,성거,조성중,306 ,306 ,211 ,211 ,211 ,0 ,100 ,0 ,0 
일반,충남,예산군,예산제2,조성중,1129 ,1120 ,676 ,0 ,0 ,0 ,0 ,0 ,0 
일반,충남,천안시,천안테크노파크,미개발,918 ,918 ,617 ,0 ,0 ,0 ,0 ,0 ,0 
일반,충남,아산시,음봉,조성중,421 ,421 ,232 ,232 ,154 ,78 ,66 ,5 ,0 
일반,충남,천안시,풍세2,미개발,345 ,345 ,233 ,0 ,0 ,0 ,0 ,0 ,0 
일반,충남,천안시,천안제6,미개발,967 ,967 ,609 ,0 ,0 ,0 ,0 ,0 ,0 
일반,충남,서산시,현대대죽2,미개발,681 ,681 ,573 ,0 ,0 ,0 ,0 ,0 ,0 
일반,충남,예산군,예당2,미개발,719 ,719 ,506 ,0 ,0 ,0 ,0 ,0 ,0 
일반,충남,부여군,부여,미개발,467 ,467 ,305 ,0 ,0 ,0 ,0 ,0 ,0 
일반,충남,공주시,송선,미개발,317 ,318 ,223 ,0 ,0 ,0 ,0 ,0 ,0 
일반,충남,서산시,대산그린컴플렉스일반산업단지,미개발,2261 ,2222 ,1429 ,0 ,0 ,0 ,0 ,0 ,0 
일반,충남,아산시,케이밸리아산일반산업단지,미개발,567 ,473 ,170 ,0 ,0 ,0 ,0 ,0 ,0 
일반,충남,아산시,아산신창일반산업단지,미개발,484 ,484 ,350 ,0 ,0 ,0 ,0 ,0 ,0 
일반,충남,서산시,대산충의일반산업단지,미개발,122 ,121 ,69 ,0 ,0 ,0 ,0 ,0 ,0 
일반,충남,청양군,청양일반산업단지,미개발,732 ,732 ,487 ,0 ,0 ,0 ,0 ,0 ,0 
일반,충남,서산시,대산3(확장),미개발,778 ,778 ,563 ,0 ,0 ,0 ,0 ,0 ,0 
일반,충남,천안시,천안신사일반산업단지,미개발,633 ,633 ,395 ,0 ,0 ,0 ,0 ,0 ,0 
일반,충남,천안시,천안에코밸리,미개발,349 ,349 ,220 ,0 ,0 ,0 ,0 ,0 ,0 
일반,충남,아산시,선장그린컴플렉스일반산업단지,미개발,942 ,942 ,498 ,0 ,0 ,0 ,0 ,0 ,0 
일반,충남,천안시,천안수신일반산업단지,미개발,1594 ,1593 ,737 ,0 ,0 ,0 ,0 ,0 ,0 
일반,충남,아산시,아산리더스밸리일반산업단지,미개발,351 ,350 ,239 ,0 ,0 ,0 ,0 ,0 ,0 
일반,충남,논산시,숙진일반산업단지,미개발,80 ,80 ,43 ,0 ,0 ,0 ,0 ,0 ,0 
일반,충남,아산시,아산제2디지털일반산업단지,미개발,667 ,276 ,246 ,0 ,0 ,0 ,0 ,0 ,0 
일반,충남,금산군,금산리튬일반산업단지,미개발,44 ,28 ,28 ,0 ,0 ,0 ,0 ,0 ,0 
일반,충남,예산군,내포농생명그린바이오(1공구) 일반산업단지,미개발,119 ,108 ,85 ,0 ,0 ,0 ,0 ,0 ,0 
일반,전북,군산시,군산,완료,5641 ,5641 ,3630 ,3630 ,3630 ,0 ,100 ,81 ,81 
일반,전북,김제시,김제순동,완료,262 ,262 ,186 ,186 ,186 ,0 ,100 ,35 ,35 
일반,전북,익산시,익산제2,완료,3309 ,3309 ,2563 ,2563 ,2563 ,0 ,100 ,213 ,213 
일반,전북,전주시,전주제2,완료,687 ,687 ,531 ,531 ,531 ,0 ,100 ,31 ,31 
일반,전북,전주시,전주친환경첨단복합(1단계),완료,291 ,291 ,157 ,157 ,157 ,0 ,100 ,87 ,83 
일반,전북,전주시,전주시자원순환특화,완료,80 ,80 ,48 ,48 ,48 ,0 ,100 ,11 ,10 
일반,전북,정읍시,정읍제1,완료,185 ,185 ,158 ,158 ,158 ,0 ,100 ,7 ,7 
일반,전북,정읍시,정읍제2,완료,999 ,999 ,668 ,668 ,668 ,0 ,100 ,69 ,69 
일반,전북,정읍시,정읍제3,완료,1025 ,1025 ,757 ,757 ,757 ,0 ,100 ,55 ,55 
일반,전북,정읍시,정읍첨단과학(RFT),완료,896 ,871 ,425 ,425 ,419 ,6 ,99 ,51 ,41 
일반,전북,고창군,고창,조성중,837 ,837 ,611 ,587 ,233 ,354 ,40 ,3 ,3 
일반,전북,부안군,부안신·재생에너지,완료,354 ,354 ,162 ,162 ,113 ,49 ,70 ,2 ,1 
일반,전북,완주군,완주,완료,3359 ,3359 ,2578 ,2578 ,2578 ,0 ,100 ,84 ,84 
일반,전북,완주군,전주과학,완료,3074 ,3074 ,1798 ,1798 ,1798 ,0 ,100 ,222 ,220 
일반,전북,완주군,완주테크노밸리,완료,1311 ,1311 ,970 ,970 ,970 ,0 ,100 ,123 ,119 
일반,전북,익산시,익산제4(구 익산종합의료과학),완료,503 ,503 ,306 ,306 ,283 ,23 ,92 ,30 ,29 
일반,전북,익산시,익산제3 (① + ②),완료,2793 ,2685 ,1587 ,1587 ,1399 ,188 ,88 ,107 ,100 
일반,전북,익산시,   익산제3 ①,완료,2621 ,2515 ,1417 ,1417 ,1229 ,188 ,87 ,103 ,97 
일반,전북,익산시,   익산제3(외국인) ②,완료,172 ,170 ,170 ,170 ,170 ,0 ,100 ,4 ,3 
일반,전북,완주군,완주테크노밸리(2단계),조성중,2110 ,2110 ,1190 ,1190 ,1085 ,105 ,91 ,18 ,18 
일반,전북,전주시,전주친환경첨단복합(3-1단계),완료,284 ,284 ,183 ,183 ,183 ,0 ,100 ,3 ,3 
일반,전북,김제시,지평선 (① + ②),완료,2986 ,2986 ,1943 ,1943 ,1797 ,146 ,92 ,133 ,111 
일반,전북,김제시,   지평선 ①,완료,1995 ,1995 ,1179 ,1179 ,1097 ,82 ,93 ,97 ,80 
일반,전북,김제시,   김제(자유무역) ②,완료,991 ,991 ,764 ,764 ,700 ,64 ,92 ,36 ,31 
일반,전북,남원시,남원,조성중,776 ,717 ,529 ,528 ,65 ,463 ,12 ,5 ,5 
일반,전북,전주시,전주제1[재생사업지구],완료,1806 ,1806 ,1218 ,1218 ,1218 ,0 ,100 ,120 ,110 
일반,전북,김제시,백구,조성중,336 ,336 ,233 ,0 ,0 ,0 ,0 ,0 ,0 
일반,전북,김제시,지평선제2일반산업단지,미개발,882 ,882 ,547 ,0 ,0 ,0 ,0 ,0 ,0 
일반,전남,광양시,신금,완료,397 ,397 ,223 ,223 ,204 ,19 ,91 ,42 ,35 
일반,전남,광양시,황금,조성중,1116 ,1115 ,710 ,413 ,240 ,173 ,58 ,1 ,1 
일반,전남,광양시,광양익신,완료,474 ,190 ,64 ,64 ,60 ,4 ,94 ,58 ,53 
일반,전남,나주시,나주,완료,549 ,549 ,402 ,402 ,397 ,5 ,99 ,48 ,32 
일반,전남,나주시,문평,완료,323 ,323 ,246 ,246 ,246 ,0 ,100 ,9 ,8 
일반,전남,목포시,세라믹,완료,116 ,115 ,75 ,75 ,74 ,1 ,99 ,34 ,18 
일반,전남,목포시,삽진,완료,218 ,216 ,170 ,170 ,170 ,0 ,100 ,46 ,46 
일반,전남,목포시,대양,완료,1546 ,1062 ,848 ,848 ,773 ,75 ,91 ,172 ,155 
일반,전남,순천시,순천[재생사업지구],완료,576 ,576 ,448 ,448 ,448 ,0 ,100 ,34 ,33 
일반,전남,순천시,해룡,조성중,1592 ,1592 ,1039 ,638 ,638 ,0 ,100 ,45 ,45 
일반,전남,여수시,율촌제1 (① + ②),조성중,9450 ,9431 ,6140 ,6140 ,6061 ,79 ,99 ,148 ,126 
일반,전남,여수시,   율촌제1 ①,조성중,9106 ,9106 ,5889 ,5889 ,5850 ,39 ,99 ,129 ,111 
일반,전남,순천시,   율촌(자유무역) ②,완료,344 ,325 ,251 ,251 ,211 ,40 ,84 ,19 ,15 
일반,전남,여수시,여수오천,완료,222 ,222 ,130 ,130 ,130 ,0 ,100 ,39 ,36 
일반,전남,여수시,율촌제2,미개발,3793 ,3793 ,2337 ,0 ,0 ,0 ,0 ,0 ,0 
일반,전남,영암군,삼호,완료,2971 ,2971 ,2153 ,2153 ,2153 ,0 ,100 ,1 ,1 
일반,전남,장성군,장성나노기술,완료,901 ,901 ,480 ,480 ,480 ,0 ,100 ,231 ,209 
일반,전남,진도군,군내,조성중,686 ,686 ,532 ,382 ,382 ,0 ,100 ,1 ,0 
일반,전남,광양시,세풍(광양만권경제자유구역),조성중,2422 ,2422 ,1488 ,521 ,514 ,7 ,99 ,5 ,5 
일반,전남,영광군,대마전기자동차(구 대마),완료,1889 ,1652 ,1094 ,1094 ,952 ,142 ,87 ,55 ,48 
일반,전남,장흥군,장흥바이오식품(구 해당),조성중,2892 ,2891 ,1205 ,1205 ,783 ,422 ,65 ,82 ,31 
일반,전남,해남군,화원조선(구 화원),조성중,2105 ,2105 ,1424 ,123 ,123 ,0 ,100 ,0 ,0 
일반,전남,화순군,화순생물의약(구 화순),완료,755 ,755 ,387 ,387 ,383 ,4 ,99 ,19 ,19 
일반,전남,영암군,용당,미개발,337 ,337 ,268 ,0 ,0 ,0 ,0 ,0 ,0 
일반,전남,함평군,동함평,완료,739 ,738 ,488 ,488 ,451 ,37 ,92 ,79 ,46 
일반,전남,담양군,에코하이테크담양(구 담양),완료,581 ,580 ,337 ,337 ,337 ,0 ,100 ,118 ,112 
일반,전남,여수시,묘도녹색,조성중,368 ,368 ,241 ,17 ,0 ,17 ,0 ,0 ,0 
일반,전남,나주시,나주신도,완료,298 ,297 ,226 ,226 ,199 ,27 ,88 ,16 ,14 
일반,전남,무안군,운남,조성중,85 ,75 ,41 ,0 ,0 ,0 ,0 ,0 ,0 
일반,전남,강진군,강진,완료,655 ,646 ,410 ,410 ,249 ,161 ,61 ,32 ,5 
일반,전남,나주시,나주혁신(구 나주미래),완료,1789 ,1789 ,1214 ,1214 ,1175 ,39 ,97 ,172 ,103 
일반,전남,무안군,무안항공특화,완료,350 ,350 ,269 ,269 ,113 ,156 ,42 ,0 ,0 
일반,전남,화순군,화순생물의학제2,미개발,308 ,308 ,195 ,0 ,0 ,0 ,0 ,0 ,0 
일반,전남,강진군,강진제2일반산업단지,미개발,304 ,304 ,211 ,0 ,0 ,0 ,0 ,0 ,0 
일반,경북,경산시,경산1,완료,1577 ,1577 ,1150 ,1150 ,1150 ,0 ,100 ,194 ,166 
일반,경북,경산시,경산2,완료,489 ,486 ,333 ,333 ,333 ,0 ,100 ,105 ,97 
일반,경북,경주시,강동,조성중,992 ,991 ,642 ,596 ,591 ,5 ,99 ,77 ,60 
일반,경북,경주시,건천제1,완료,147 ,147 ,114 ,114 ,114 ,0 ,100 ,6 ,6 
일반,경북,경주시,건천제2,완료,990 ,990 ,761 ,761 ,761 ,0 ,100 ,21 ,21 
일반,경북,경주시,명계2,완료,104 ,104 ,64 ,64 ,21 ,43 ,33 ,2 ,1 
일반,경북,경주시,문산,완료,315 ,315 ,218 ,218 ,218 ,0 ,100 ,26 ,26 
일반,경북,경주시,석계,완료,146 ,146 ,116 ,116 ,116 ,0 ,100 ,35 ,35 
일반,경북,경주시,석계2,완료,122 ,122 ,99 ,99 ,99 ,0 ,100 ,14 ,14 
일반,경북,경주시,외동,완료,142 ,142 ,116 ,116 ,116 ,0 ,100 ,22 ,22 
일반,경북,경주시,외동2,완료,603 ,603 ,412 ,412 ,412 ,0 ,100 ,39 ,39 
일반,경북,경주시,천북,조성중,1862 ,1863 ,1286 ,1271 ,1242 ,29 ,98 ,117 ,116 
일반,경북,경주시,화산,완료,150 ,149 ,120 ,120 ,120 ,0 ,100 ,14 ,14 
일반,경북,문경시,신기제2,완료,440 ,439 ,287 ,287 ,251 ,36 ,87 ,40 ,40 
일반,경북,상주시,상주청리,완료,1295 ,1221 ,960 ,960 ,938 ,22 ,98 ,9 ,6 
일반,경북,상주시,상주한방,완료,766 ,766 ,382 ,382 ,370 ,12 ,97 ,2 ,2 
일반,경북,안동시,경북바이오,완료,862 ,862 ,452 ,452 ,452 ,0 ,100 ,39 ,33 
일반,경북,포항시,신흥,조성중,112 ,112 ,74 ,52 ,0 ,52 ,0 ,0 ,0 
일반,경북,포항시,영일만2,완료,720 ,720 ,582 ,582 ,582 ,0 ,100 ,10 ,9 
일반,경북,포항시,포항4,완료,2047 ,2047 ,1535 ,1535 ,1535 ,0 ,100 ,98 ,83 
일반,경북,고령군,개진,완료,148 ,148 ,87 ,87 ,87 ,0 ,100 ,35 ,35 
일반,경북,성주군,성주,완료,851 ,851 ,581 ,581 ,581 ,0 ,100 ,53 ,52 
일반,경북,성주군,월항,완료,78 ,78 ,52 ,52 ,52 ,0 ,100 ,14 ,11 
일반,경북,영주시,두전,완료,55 ,54 ,40 ,40 ,40 ,0 ,100 ,6 ,5 
일반,경북,영주시,영주,완료,178 ,178 ,127 ,127 ,127 ,0 ,100 ,53 ,53 
일반,경북,영천시,고경,조성중,1565 ,1563 ,1045 ,0 ,0 ,0 ,0 ,0 ,0 
일반,경북,칠곡군,왜관 (① + ②),완료,2540 ,2540 ,1706 ,1706 ,1706 ,0 ,100 ,377 ,354 
일반,경북,칠곡군,   왜관(기존) ①,완료,1668 ,1668 ,1123 ,1123 ,1123 ,0 ,100 ,284 ,267 
일반,경북,칠곡군,   왜관(추가) ②,완료,872 ,872 ,583 ,583 ,583 ,0 ,100 ,93 ,87 
일반,경북,칠곡군,왜관3,완료,744 ,744 ,506 ,506 ,506 ,0 ,100 ,51 ,50 
일반,경북,영주시,가흥,완료,230 ,230 ,178 ,178 ,178 ,0 ,100 ,8 ,8 
일반,경북,포항시,광명,조성중,728 ,728 ,517 ,491 ,388 ,103 ,79 ,10 ,6 
일반,경북,포항시,영일만3,완료,195 ,195 ,155 ,155 ,86 ,69 ,55 ,5 ,3 
일반,경북,포항시,영일만4,조성중,2600 ,2600 ,1657 ,68 ,68 ,0 ,100 ,7 ,1 
일반,경북,경주시,모화,완료,374 ,374 ,302 ,302 ,302 ,0 ,100 ,43 ,43 
일반,경북,경산시,경산4,완료,2397 ,2190 ,1066 ,1066 ,995 ,71 ,93 ,75 ,45 
일반,경북,영주시,갈산,완료,149 ,149 ,101 ,101 ,88 ,13 ,87 ,5 ,4 
일반,경북,포항시,영일만 (① + ②),완료,964 ,964 ,659 ,659 ,659 ,0 ,100 ,16 ,13 
일반,경북,포항시,   영일만 ①,완료,699 ,699 ,394 ,394 ,394 ,0 ,100 ,12 ,9 
일반,경북,포항시,   영일만(포항외국인) ②,완료,265 ,265 ,265 ,265 ,265 ,0 ,100 ,4 ,4 
일반,경북,경주시,제내2,조성중,84 ,84 ,59 ,49 ,48 ,1 ,98 ,4 ,1 
일반,경북,경주시,서동,완료,270 ,260 ,197 ,197 ,197 ,0 ,100 ,1 ,1 
일반,경북,경주시,구어2,완료,829 ,829 ,543 ,543 ,543 ,0 ,100 ,44 ,32 
일반,경북,경주시,건천용명,조성중,116 ,116 ,87 ,87 ,87 ,0 ,100 ,6 ,6 
일반,경북,칠곡군,연화,완료,52 ,52 ,35 ,35 ,35 ,0 ,100 ,9 ,9 
일반,경북,경주시,천북2,조성중,104 ,104 ,77 ,54 ,7 ,47 ,13 ,1 ,1 
일반,경북,경주시,녹동,조성중,140 ,140 ,100 ,96 ,96 ,0 ,100 ,16 ,13 
일반,경북,봉화군,석포,미개발,185 ,185 ,101 ,0 ,0 ,0 ,0 ,0 ,0 
일반,경북,성주군,성주2,완료,959 ,959 ,657 ,657 ,657 ,0 ,100 ,27 ,27 
일반,경북,경주시,나아,조성중,120 ,120 ,82 ,43 ,30 ,13 ,70 ,0 ,0 
일반,경북,경주시,제내5,조성중,137 ,137 ,95 ,33 ,33 ,0 ,100 ,0 ,0 
일반,경북,포항시,그린,미개발,871 ,871 ,586 ,0 ,0 ,0 ,0 ,0 ,0 
일반,경북,경주시,문산2,완료,836 ,836 ,532 ,532 ,532 ,0 ,100 ,35 ,6 
일반,경북,경주시,검단,조성중,932 ,932 ,580 ,522 ,273 ,249 ,52 ,2 ,2 
일반,경북,경주시,석계4,완료,121 ,117 ,82 ,82 ,22 ,60 ,27 ,9 ,7 
일반,경북,경주시,양남,미개발,1739 ,1739 ,1095 ,0 ,0 ,0 ,0 ,0 ,0 
일반,경북,고령군,열뫼,조성중,220 ,220 ,119 ,12 ,12 ,0 ,100 ,0 ,0 
일반,경북,김천시,김천1,완료,2199 ,2199 ,1535 ,1535 ,1535 ,0 ,100 ,78 ,78 
일반,경북,문경시,신기,완료,126 ,126 ,83 ,83 ,83 ,0 ,100 ,6 ,6 
일반,경북,영천시,영천첨단부품소재(대구경북경제자유구역),완료,1461 ,1459 ,999 ,999 ,999 ,0 ,100 ,61 ,54 
일반,경북,고령군,월성,조성중,668 ,668 ,406 ,0 ,0 ,0 ,0 ,0 ,0 
일반,경북,안동시,경북바이오2차,조성중,575 ,485 ,395 ,0 ,0 ,0 ,0 ,13 ,3 
일반,경북,경주시,건천4,조성중,629 ,629 ,407 ,0 ,0 ,0 ,0 ,0 ,0 
일반,경북,경주시,명계3,조성중,823 ,823 ,505 ,505 ,505 ,0 ,100 ,17 ,5 
일반,경북,김천시,김천1(3단계),완료,1156 ,1150 ,832 ,832 ,702 ,130 ,84 ,28 ,28 
일반,경북,경주시,대곡2,조성중,242 ,242 ,155 ,0 ,0 ,0 ,0 ,0 ,0 
일반,경북,경산시,경산3(구 진량2),완료,1497 ,1456 ,1011 ,1011 ,1011 ,0 ,100 ,69 ,60 
일반,경북,경산시,경산1-1(구 진량3),완료,76 ,76 ,24 ,24 ,24 ,0 ,100 ,3 ,2 
일반,경북,고령군,고령1(구 다산),완료,636 ,636 ,447 ,447 ,447 ,0 ,100 ,68 ,62 
일반,경북,고령군,고령2(구 다산2),완료,766 ,704 ,467 ,467 ,467 ,0 ,100 ,80 ,73 
일반,경북,영주시,SK스페셜티일반산업단지(구:SK머티리얼즈),완료,171 ,171 ,125 ,125 ,125 ,0 ,100 ,2 ,2 
일반,경북,고령군,동고령(구 박곡),완료,748 ,748 ,476 ,476 ,476 ,0 ,100 ,68 ,61 
일반,경북,고령군,송곡,미개발,262 ,262 ,176 ,0 ,0 ,0 ,0 ,0 ,0 
일반,경북,상주시,상주,완료,391 ,391 ,237 ,237 ,150 ,87 ,63 ,4 ,4 
일반,경북,경주시,외동3,조성중,110 ,110 ,63 ,0 ,0 ,0 ,0 ,0 ,0 
일반,경북,경주시,혁신원자력연구,조성중,2200 ,2200 ,808 ,0 ,0 ,0 ,0 ,0 ,0 
일반,경북,영천시,대창,미개발,460 ,460 ,324 ,0 ,0 ,0 ,0 ,0 ,0 
일반,경북,경산시,경산화장품특화,조성중,149 ,149 ,83 ,33 ,0 ,33 ,0 ,0 ,0 
일반,경북,영천시,영천금호,미개발,282 ,282 ,163 ,0 ,0 ,0 ,0 ,0 ,0 
일반,경북,의성군,의성바이오밸리,미개발,225 ,225 ,134 ,0 ,0 ,0 ,0 ,0 ,0 
일반,경북,경산시,경산상림재활산업특화단지,미개발,541 ,540 ,202 ,0 ,0 ,0 ,0 ,0 ,0 
일반,경북,경주시,문산3일반산업단지,조성중,228 ,227 ,144 ,0 ,0 ,0 ,0 ,0 ,0 
일반,경북,김천시,김천1일반산업단지(4단계),미개발,1241 ,1241 ,715 ,0 ,0 ,0 ,0 ,0 ,0 
일반,경북,김천시,김천자동차튜닝일반산업단지,미개발,281 ,280 ,183 ,0 ,0 ,0 ,0 ,0 ,0 
일반,경북,청도군,청도자연드림파크일반산업단지,미개발,293 ,293 ,110 ,0 ,0 ,0 ,0 ,0 ,0 
일반,경남,거제시,오비,완료,196 ,195 ,129 ,129 ,129 ,0 ,100 ,4 ,4 
일반,경남,김해시,나전,조성중,68 ,68 ,48 ,48 ,48 ,0 ,100 ,0 ,0 
일반,경남,김해시,덕암,완료,155 ,155 ,106 ,106 ,106 ,0 ,100 ,35 ,35 
일반,경남,김해시,명동,완료,263 ,263 ,182 ,182 ,182 ,0 ,100 ,37 ,37 
일반,경남,김해시,주호,완료,117 ,116 ,87 ,87 ,87 ,0 ,100 ,20 ,20 
일반,경남,밀양시,사포,완료,746 ,745 ,455 ,455 ,455 ,0 ,100 ,46 ,46 
일반,경남,밀양시,용전,완료,634 ,634 ,361 ,361 ,361 ,0 ,100 ,23 ,23 
일반,경남,밀양시,하남,완료,1020 ,1020 ,642 ,642 ,642 ,0 ,100 ,7 ,7 
일반,경남,사천시,흥사,미개발,673 ,514 ,320 ,0 ,0 ,0 ,0 ,0 ,0 
일반,경남,양산시,덕계,완료,360 ,360 ,221 ,221 ,210 ,11 ,95 ,34 ,34 
일반,경남,양산시,유산,완료,118 ,118 ,79 ,79 ,79 ,0 ,100 ,15 ,15 
일반,경남,양산시,산막,조성중,1277 ,1221 ,715 ,582 ,582 ,0 ,100 ,216 ,216 
일반,경남,양산시,어곡,완료,1244 ,1244 ,623 ,623 ,623 ,0 ,100 ,163 ,163 
일반,경남,진주시,가산,완료,296 ,295 ,219 ,219 ,146 ,73 ,67 ,1 ,1 
일반,경남,진주시,정촌,완료,1712 ,1712 ,645 ,645 ,645 ,0 ,100 ,100 ,100 
일반,경남,진주시,진주상평,완료,2058 ,2058 ,1561 ,1561 ,1561 ,0 ,100 ,440 ,440 
일반,경남,통영시,법송동원(구:법송),조성중,621 ,621 ,372 ,0 ,0 ,0 ,0 ,0 ,0 
일반,경남,통영시,덕포,미개발,1017 ,1017 ,712 ,0 ,0 ,0 ,0 ,0 ,0 
일반,경남,통영시,안정,조성중,1305 ,1305 ,869 ,0 ,0 ,0 ,0 ,0 ,0 
일반,경남,거창군,거창,완료,741 ,741 ,465 ,465 ,465 ,0 ,100 ,46 ,43 
일반,경남,고성군,내산,조성중,523 ,523 ,374 ,299 ,299 ,0 ,100 ,1 ,1 
일반,경남,고성군,대가룡,완료,74 ,74 ,57 ,57 ,57 ,0 ,100 ,1 ,1 
일반,경남,고성군,대독,조성중,266 ,265 ,156 ,141 ,141 ,0 ,100 ,2 ,1 
일반,경남,고성군,율대,완료,182 ,182 ,138 ,138 ,138 ,0 ,100 ,4 ,3 
일반,경남,고성군,장좌,조성중,695 ,695 ,421 ,421 ,421 ,0 ,100 ,1 ,1 
일반,경남,산청군,매촌,완료,98 ,98 ,72 ,72 ,72 ,0 ,100 ,2 ,2 
일반,경남,산청군,매촌제2,완료,75 ,75 ,52 ,52 ,52 ,0 ,100 ,3 ,3 
일반,경남,창녕군,넥센,조성중,594 ,593 ,468 ,411 ,411 ,0 ,100 ,1 ,1 
일반,경남,창녕군,대합,완료,949 ,949 ,623 ,623 ,623 ,0 ,100 ,44 ,44 
일반,경남,창녕군,억만,완료,82 ,82 ,64 ,64 ,64 ,0 ,100 ,2 ,1 
일반,경남,하동군,갈사만조선,조성중,5613 ,5613 ,3586 ,475 ,0 ,475 ,0 ,0 ,0 
일반,경남,하동군,대송,조성중,1371 ,1371 ,810 ,684 ,83 ,601 ,12 ,0 ,0 
일반,경남,함안군,군북월촌,완료,188 ,188 ,137 ,137 ,137 ,0 ,100 ,7 ,6 
일반,경남,함안군,법수우거,완료,124 ,124 ,85 ,85 ,85 ,0 ,100 ,11 ,8 
일반,경남,함안군,칠서,완료,3051 ,3051 ,1866 ,1866 ,1866 ,0 ,100 ,104 ,104 
일반,경남,함양군,함양,완료,738 ,738 ,357 ,357 ,322 ,35 ,90 ,5 ,5 
일반,경남,함양군,휴천,완료,83 ,83 ,42 ,42 ,42 ,0 ,100 ,1 ,0 
일반,경남,함안군,대사,완료,294 ,294 ,204 ,204 ,194 ,10 ,95 ,31 ,21 
일반,경남,양산시,덕계경동스마트밸리일반산업단지(구:덕계월라),조성중,442 ,441 ,232 ,172 ,0 ,172 ,0 ,0 ,0 
일반,경남,함안군,법수강주,완료,136 ,136 ,89 ,89 ,89 ,0 ,100 ,20 ,16 
일반,경남,창원시 성산구,천선,완료,110 ,109 ,60 ,60 ,60 ,0 ,100 ,39 ,39 
일반,경남,창원시 마산합포구,수곡,완료,79 ,79 ,46 ,46 ,46 ,0 ,100 ,9 ,9 
일반,경남,창원시 마산합포구,진전평암,완료,81 ,80 ,56 ,56 ,56 ,0 ,100 ,1 ,1 
일반,경남,창원시 마산합포구,진북,완료,875 ,873 ,540 ,540 ,540 ,0 ,100 ,78 ,78 
일반,경남,창원시 진해구,남양지구,완료,293 ,293 ,133 ,133 ,133 ,0 ,100 ,52 ,52 
일반,경남,창원시 진해구,마천,완료,611 ,611 ,479 ,479 ,479 ,0 ,100 ,114 ,114 
일반,경남,창원시 진해구,죽곡,완료,138 ,138 ,107 ,107 ,107 ,0 ,100 ,11 ,11 
일반,경남,창원시,창원,완료,478 ,477 ,232 ,232 ,232 ,0 ,100 ,60 ,60 
일반,경남,양산시,어곡제2,조성중,330 ,330 ,207 ,105 ,31 ,74 ,30 ,0 ,0 
일반,경남,김해시,나전2,조성중,122 ,122 ,78 ,78 ,47 ,31 ,60 ,0 ,0 
일반,경남,진주시,지수,완료,123 ,123 ,95 ,95 ,95 ,0 ,100 ,2 ,2 
일반,경남,김해시,오척,완료,149 ,149 ,100 ,100 ,100 ,0 ,100 ,21 ,21 
일반,경남,김해시,김해GoldenRoot(구 김해),완료,1519 ,1270 ,879 ,879 ,879 ,0 ,100 ,159 ,134 
일반,경남,거제시,모사,조성중,647 ,647 ,518 ,507 ,507 ,0 ,100 ,1 ,1 
일반,경남,창녕군,하리,조성중,222 ,222 ,155 ,0 ,0 ,0 ,0 ,1 ,1 
일반,경남,창원시,창곡,완료,64 ,64 ,36 ,36 ,36 ,0 ,100 ,7 ,7 
일반,경남,사천시,축동,조성중,248 ,248 ,158 ,0 ,0 ,0 ,0 ,5 ,5 
일반,경남,사천시,대동,조성중,103 ,103 ,71 ,0 ,0 ,0 ,0 ,0 ,0 
일반,경남,함안군,장지,완료,292 ,292 ,177 ,177 ,177 ,0 ,100 ,1 ,1 
일반,경남,김해시,김해테크노밸리,완료,1644 ,1590 ,1068 ,1068 ,1068 ,0 ,100 ,388 ,388 
일반,경남,의령군,대의,조성중,291 ,291 ,163 ,0 ,0 ,0 ,0 ,0 ,0 
일반,경남,김해시,서김해,완료,449 ,449 ,277 ,277 ,257 ,20 ,93 ,43 ,43 
일반,경남,의령군,정곡백곡,미개발,147 ,147 ,94 ,0 ,0 ,0 ,0 ,0 ,0 
일반,경남,김해시,가산,완료,98 ,98 ,73 ,73 ,73 ,0 ,100 ,2 ,1 
일반,경남,김해시,이노비즈밸리,완료,212 ,212 ,135 ,135 ,135 ,0 ,100 ,3 ,3 
일반,경남,김해시,덕암2,조성중,42 ,42 ,22 ,12 ,12 ,0 ,100 ,0 ,0 
일반,경남,김해시,김해사이언스파크,조성중,850 ,850 ,468 ,114 ,114 ,0 ,100 ,0 ,0 
일반,경남,함안군,칠북영동,완료,258 ,258 ,162 ,162 ,162 ,0 ,100 ,6 ,3 
일반,경남,김해시,신천,완료,246 ,246 ,168 ,168 ,168 ,0 ,100 ,7 ,7 
일반,경남,함안군,사내,조성중,291 ,291 ,203 ,49 ,49 ,0 ,100 ,2 ,1 
일반,경남,사천시,종포,완료,368 ,367 ,264 ,264 ,264 ,0 ,100 ,12 ,10 
일반,경남,양산시,토정,조성중,309 ,309 ,156 ,3 ,0 ,3 ,0 ,0 ,0 
일반,경남,양산시,용당,완료,269 ,268 ,175 ,175 ,175 ,0 ,100 ,56 ,56 
일반,경남,함안군,가연,완료,37 ,14 ,0 ,0 ,0 ,0 ,0 ,0 ,0 
일반,경남,거제시,오비2,미개발,109 ,109 ,60 ,0 ,0 ,0 ,0 ,0 ,0 
일반,경남,창원시,동전,완료,499 ,499 ,238 ,238 ,203 ,35 ,85 ,75 ,75 
일반,경남,양산시,서창,완료,276 ,276 ,190 ,190 ,190 ,0 ,100 ,49 ,49 
일반,경남,김해시,병동,조성중,296 ,296 ,207 ,137 ,137 ,0 ,100 ,0 ,0 
일반,경남,창원시,안골,미개발,237 ,237 ,143 ,0 ,0 ,0 ,0 ,0 ,0 
일반,경남,거제시,덕곡,조성중,150 ,150 ,77 ,0 ,0 ,0 ,0 ,0 ,0 
일반,경남,양산시,석계2,완료,999 ,969 ,444 ,444 ,444 ,0 ,100 ,150 ,150 
일반,경남,통영시,법송2,완료,87 ,87 ,50 ,50 ,50 ,0 ,100 ,0 ,0 
일반,경남,고성군,봉암동원,완료,299 ,299 ,183 ,183 ,135 ,48 ,74 ,1 ,1 
일반,경남,사천시,대진,조성중,248 ,248 ,150 ,0 ,0 ,0 ,0 ,0 ,0 
일반,경남,함안군,화천,미개발,296 ,188 ,177 ,0 ,0 ,0 ,0 ,0 ,0 
일반,경남,김해시,본산,미개발,59 ,59 ,38 ,0 ,0 ,0 ,0 ,0 ,0 
일반,경남,밀양시,용전3,미개발,252 ,252 ,153 ,0 ,0 ,0 ,0 ,11 ,0 
일반,경남,창원시 진해구,죽곡2,미개발,251 ,251 ,137 ,0 ,0 ,0 ,0 ,0 ,0 
일반,경남,함안군,칠원용산,조성중,189 ,189 ,127 ,0 ,0 ,0 ,0 ,0 ,0 
일반,경남,창원시 성산구,상복,완료,116 ,116 ,43 ,43 ,18 ,25 ,42 ,6 ,6 
일반,경남,진주시,진주(사봉),완료,810 ,810 ,354 ,354 ,354 ,0 ,100 ,72 ,72 
일반,경남,김해시,AM하이테크,완료,163 ,163 ,106 ,106 ,106 ,0 ,100 ,38 ,38 
일반,경남,김해시,이지(Eco-Zone),조성중,304 ,304 ,161 ,155 ,155 ,0 ,100 ,0 ,0 
일반,경남,사천시,향촌2,완료,69 ,68 ,44 ,44 ,0 ,44 ,0 ,0 ,0 
일반,경남,산청군,산청한방항노화,완료,159 ,159 ,95 ,95 ,0 ,95 ,0 ,0 ,0 
일반,경남,사천시,사천제1 (① + ②),완료,2356 ,2149 ,1639 ,1639 ,1634 ,5 ,100 ,52 ,47 
일반,경남,사천시,   사천제1 ①,완료,1860 ,1653 ,1143 ,1143 ,1143 ,0 ,100 ,35 ,30 
일반,경남,사천시,   사천(외국인) ②,완료,496 ,496 ,496 ,496 ,491 ,5 ,99 ,17 ,17 
일반,경남,사천시,사천제2,완료,1616 ,1362 ,801 ,801 ,801 ,0 ,100 ,19 ,17 
일반,경남,창녕군,영남,미개발,1410 ,1410 ,743 ,0 ,0 ,0 ,0 ,0 ,0 
일반,경남,김해시,김해대동첨단,완료,2807 ,2807 ,1100 ,1100 ,1030 ,70 ,94 ,0 ,0 
일반,경남,양산시,가산,조성중,672 ,662 ,272 ,90 ,0 ,90 ,0 ,10 ,10 
일반,경남,함안군,부목2,미개발,134 ,134 ,70 ,0 ,0 ,0 ,0 ,0 ,0 
일반,경남,양산시,양산[재생사업지구],완료,1845 ,1529 ,1272 ,1272 ,1272 ,0 ,100 ,113 ,113 
일반,경남,진주시,뿌리,완료,963 ,963 ,494 ,494 ,370 ,124 ,75 ,67 ,67 
일반,경남,함안군,함안(구 군북),완료,1780 ,1780 ,1218 ,1218 ,1218 ,0 ,100 ,97 ,97 
일반,경남,함안군,군북유현,미개발,73 ,75 ,49 ,0 ,0 ,0 ,0 ,0 ,0 
일반,경남,사천시,용당(항공MRO),조성중,300 ,149 ,97 ,0 ,0 ,0 ,0 ,0 ,0 
일반,경남,창녕군,대성하이스코,조성중,72 ,72 ,54 ,0 ,0 ,0 ,0 ,0 ,0 
일반,경남,고성군,이당,조성중,131 ,119 ,69 ,69 ,59 ,10 ,86 ,1 ,1 
일반,경남,창원시 마산회원구,평성,미개발,696 ,696 ,270 ,0 ,0 ,0 ,0 ,0 ,0 
일반,경남,창원시,덕산,미개발,250 ,250 ,143 ,0 ,0 ,0 ,0 ,0 ,0 
일반,경남,함안군,군북,조성중,825 ,824 ,481 ,0 ,0 ,0 ,0 ,0 ,0 
일반,경남,의령군,부림,조성중,352 ,352 ,184 ,0 ,0 ,0 ,0 ,0 ,0 
일반,경남,김해시,하계,미개발,262 ,261 ,190 ,0 ,0 ,0 ,0 ,0 ,0 
일반,경남,사천시,사천서부,미개발,314 ,313 ,183 ,0 ,0 ,0 ,0 ,0 ,0 
일반,경남,거창군,거창첨단,미개발,308 ,308 ,192 ,0 ,0 ,0 ,0 ,0 ,0 
일반,경남,고성군,고성양촌·용정,조성중,1575 ,1575 ,959 ,0 ,0 ,0 ,0 ,0 ,0 
일반,경남,양산시,양산주남일반산업단지,미개발,255 ,254 ,165 ,0 ,0 ,0 ,0 ,0 ,0 
