영업소코드,영업소명,연도,차종,교통량
11,인천,2005,1종,38897405
11,인천,2005,2종,1988728
11,인천,2005,3종,520193
11,인천,2005,4종,596475
11,인천,2005,5종,1355804
11,인천,2005,6종,2287521
53,남인천,2005,1종,20593030
53,남인천,2005,2종,1029706
53,남인천,2005,3종,330770
53,남인천,2005,4종,260176
53,남인천,2005,5종,918908
53,남인천,2005,6종,1055287
56,일로,2005,1종,261152
56,일로,2005,2종,14995
56,일로,2005,3종,1742
56,일로,2005,4종,1869
56,일로,2005,5종,3568
56,일로,2005,6종,12778
61,성남,2005,1종,36923994
61,성남,2005,2종,2631845
61,성남,2005,3종,1010143
61,성남,2005,4종,467754
61,성남,2005,5종,686827
61,성남,2005,6종,1562486
62,구리남양주,2005,1종,46527501
62,구리남양주,2005,2종,3333067
62,구리남양주,2005,3종,919916
62,구리남양주,2005,4종,746116
62,구리남양주,2005,5종,842241
62,구리남양주,2005,6종,1992410
63,토평,2005,1종,5845653
63,토평,2005,2종,288934
63,토평,2005,3종,32847
63,토평,2005,4종,67340
63,토평,2005,5종,173938
63,토평,2005,6종,259977
64,청계,2005,1종,49575200
64,청계,2005,2종,2894139
64,청계,2005,3종,1001062
64,청계,2005,4종,389220
64,청계,2005,5종,848216
64,청계,2005,6종,2253642
65,판교,2005,1종,29077075
65,판교,2005,2종,695120
65,판교,2005,3종,1219596
65,판교,2005,4종,231672
65,판교,2005,5종,140730
65,판교,2005,6종,1008189
66,하남,2005,1종,7045165
66,하남,2005,2종,433159
66,하남,2005,3종,196943
66,하남,2005,4종,111789
66,하남,2005,5종,175710
66,하남,2005,6종,265015
67,시흥,2005,1종,42185846
67,시흥,2005,2종,2701206
67,시흥,2005,3종,982395
67,시흥,2005,4종,595413
67,시흥,2005,5종,706105
67,시흥,2005,6종,1837470
68,김포,2005,1종,43353766
68,김포,2005,2종,2920680
68,김포,2005,3종,537477
68,김포,2005,4종,502196
68,김포,2005,5종,1100609
68,김포,2005,6종,1941594
91,대동(개),2005,1종,1991905
91,대동(개),2005,2종,213723
91,대동(개),2005,3종,17018
91,대동(개),2005,4종,401750
91,대동(개),2005,5종,239337
91,대동(개),2005,6종,111702
92,내서,2005,1종,1861619
92,내서,2005,2종,81800
92,내서,2005,3종,28662
92,내서,2005,4종,24207
92,내서,2005,5종,46053
92,내서,2005,6종,304205
101,서울,2005,1종,60988974
101,서울,2005,2종,3590337
101,서울,2005,3종,4532083
101,서울,2005,4종,676198
101,서울,2005,5종,572612
101,서울,2005,6종,2119920
102,동수원,2005,1종,23572781
102,동수원,2005,2종,848727
102,동수원,2005,3종,752326
102,동수원,2005,4종,164245
102,동수원,2005,5종,239854
102,동수원,2005,6종,1040772
103,수원신갈,2005,1종,24788374
103,수원신갈,2005,2종,1665479
103,수원신갈,2005,3종,1041397
103,수원신갈,2005,4종,347496
103,수원신갈,2005,5종,339568
103,수원신갈,2005,6종,1174981
104,지곡,2005,1종,393224
104,지곡,2005,2종,37074
104,지곡,2005,3종,13642
104,지곡,2005,4종,8084
104,지곡,2005,5종,15434
104,지곡,2005,6종,13784
105,기흥,2005,1종,11405671
105,기흥,2005,2종,1028725
105,기흥,2005,3종,332261
105,기흥,2005,4종,207923
105,기흥,2005,5종,294212
105,기흥,2005,6종,441700
106,오산,2005,1종,13023455
106,오산,2005,2종,1459342
106,오산,2005,3종,575621
106,오산,2005,4종,308938
106,오산,2005,5종,393922
106,오산,2005,6종,525260
107,안성,2005,1종,11164119
107,안성,2005,2종,1135402
107,안성,2005,3종,554286
107,안성,2005,4종,259465
107,안성,2005,5종,382452
107,안성,2005,6종,418552
108,천안,2005,1종,13749396
108,천안,2005,2종,1023941
108,천안,2005,3종,794292
108,천안,2005,4종,301416
108,천안,2005,5종,382699
108,천안,2005,6종,468904
109,계룡,2005,1종,1654534
109,계룡,2005,2종,173275
109,계룡,2005,3종,94687
109,계룡,2005,4종,105964
109,계룡,2005,5종,53296
109,계룡,2005,6종,75736
110,독립기념관,2005,1종,3770022
110,독립기념관,2005,2종,546449
110,독립기념관,2005,3종,221153
110,독립기념관,2005,4종,224666
110,독립기념관,2005,5종,314550
110,독립기념관,2005,6종,108208
111,청주,2005,1종,5940470
111,청주,2005,2종,491664
111,청주,2005,3종,474631
111,청주,2005,4종,152795
111,청주,2005,5종,225100
111,청주,2005,6종,199358
112,남청주,2005,1종,5007647
112,남청주,2005,2종,644092
112,남청주,2005,3종,308435
112,남청주,2005,4종,342165
112,남청주,2005,5종,375133
112,남청주,2005,6종,165851
113,신탄진,2005,1종,5694341
113,신탄진,2005,2종,799892
113,신탄진,2005,3종,200823
113,신탄진,2005,4종,401102
113,신탄진,2005,5종,473731
113,신탄진,2005,6종,198697
114,남대전,2005,1종,2953644
114,남대전,2005,2종,156172
114,남대전,2005,3종,44512
114,남대전,2005,4종,34531
114,남대전,2005,5종,55804
114,남대전,2005,6종,127106
115,대전,2005,1종,13684491
115,대전,2005,2종,749558
115,대전,2005,3종,891199
115,대전,2005,4종,176240
115,대전,2005,5종,250067
115,대전,2005,6종,543468
116,옥천,2005,1종,4035925
116,옥천,2005,2종,436184
116,옥천,2005,3종,109325
116,옥천,2005,4종,173832
116,옥천,2005,5종,136510
116,옥천,2005,6종,171277
117,금강,2005,1종,415569
117,금강,2005,2종,25535
117,금강,2005,3종,4438
117,금강,2005,4종,16440
117,금강,2005,5종,14347
117,금강,2005,6종,19250
118,영동,2005,1종,1248954
118,영동,2005,2종,139419
118,영동,2005,3종,44656
118,영동,2005,4종,45826
118,영동,2005,5종,115369
118,영동,2005,6종,39352
119,판암,2005,1종,3740524
119,판암,2005,2종,195349
119,판암,2005,3종,45059
119,판암,2005,4종,94474
119,판암,2005,5종,75842
119,판암,2005,6종,170459
120,황간,2005,1종,839693
120,황간,2005,2종,78964
120,황간,2005,3종,26330
120,황간,2005,4종,36162
120,황간,2005,5종,56472
120,황간,2005,6종,28380
121,추풍령,2005,1종,558118
121,추풍령,2005,2종,55694
121,추풍령,2005,3종,16690
121,추풍령,2005,4종,30105
121,추풍령,2005,5종,42478
121,추풍령,2005,6종,27743
122,김천,2005,1종,3106454
122,김천,2005,2종,341345
122,김천,2005,3종,147458
122,김천,2005,4종,105481
122,김천,2005,5종,173787
122,김천,2005,6종,107467
123,구미,2005,1종,8501187
123,구미,2005,2종,416287
123,구미,2005,3종,255009
123,구미,2005,4종,150149
123,구미,2005,5종,160382
123,구미,2005,6종,376479
124,상주,2005,1종,2100139
124,상주,2005,2종,178057
124,상주,2005,3종,78361
124,상주,2005,4종,44079
124,상주,2005,5종,62190
124,상주,2005,6종,85889
125,남구미,2005,1종,6495697
125,남구미,2005,2종,529870
125,남구미,2005,3종,346892
125,남구미,2005,4종,240043
125,남구미,2005,5종,640188
125,남구미,2005,6종,299093
126,왜관,2005,1종,6351751
126,왜관,2005,2종,702145
126,왜관,2005,3종,205566
126,왜관,2005,4종,174044
126,왜관,2005,5종,412945
126,왜관,2005,6종,275186
127,서대구,2005,1종,26344742
127,서대구,2005,2종,3064514
127,서대구,2005,3종,1220622
127,서대구,2005,4종,855167
127,서대구,2005,5종,1673178
127,서대구,2005,6종,1076974
129,북대구,2005,1종,18321575
129,북대구,2005,2종,1070686
129,북대구,2005,3종,387201
129,북대구,2005,4종,209258
129,북대구,2005,5종,339481
129,북대구,2005,6종,726716
130,동김천,2005,1종,13586352
130,동김천,2005,2종,775207
130,동김천,2005,3종,504204
130,동김천,2005,4종,288226
130,동김천,2005,5종,372584
130,동김천,2005,6종,593236
131,경산,2005,1종,8278056
131,경산,2005,2종,1091534
131,경산,2005,3종,225491
131,경산,2005,4종,261669
131,경산,2005,5종,343026
131,경산,2005,6종,403721
132,영천,2005,1종,3006284
132,영천,2005,2종,397756
132,영천,2005,3종,238208
132,영천,2005,4종,101792
132,영천,2005,5종,298021
132,영천,2005,6종,95670
133,서경주,2005,1종,1279011
133,서경주,2005,2종,139466
133,서경주,2005,3종,50620
133,서경주,2005,4종,50631
133,서경주,2005,5종,177001
133,서경주,2005,6종,38476
134,선산,2005,1종,1191102
134,선산,2005,2종,118338
134,선산,2005,3종,23602
134,선산,2005,4종,26092
134,선산,2005,5종,38640
134,선산,2005,6종,44207
135,경주,2005,1종,8997862
135,경주,2005,2종,854862
135,경주,2005,3종,784987
135,경주,2005,4종,286336
135,경주,2005,5종,996609
135,경주,2005,6종,305618
137,통도사,2005,1종,3773937
137,통도사,2005,2종,506633
137,통도사,2005,3종,225602
137,통도사,2005,4종,173509
137,통도사,2005,5종,258533
137,통도사,2005,6종,164553
138,양산,2005,1종,8031518
138,양산,2005,2종,1190027
138,양산,2005,3종,340465
138,양산,2005,4종,502842
138,양산,2005,5종,609480
138,양산,2005,6종,464206
139,서울산,2005,1종,4261007
139,서울산,2005,2종,397208
139,서울산,2005,3종,250850
139,서울산,2005,4종,124058
139,서울산,2005,5종,218919
139,서울산,2005,6종,194480
140,부산,2005,1종,16503172
140,부산,2005,2종,1184236
140,부산,2005,3종,828465
140,부산,2005,4종,482545
140,부산,2005,5종,1036907
140,부산,2005,6종,819582
141,,2005,1종,10406572
141,,2005,2종,1063092
141,,2005,3종,623488
141,,2005,4종,546560
141,,2005,5종,1509275
141,,2005,6종,421887
142,군북,2005,1종,2929547
142,군북,2005,2종,215560
142,군북,2005,3종,92991
142,군북,2005,4종,101738
142,군북,2005,5종,221706
142,군북,2005,6종,154008
143,장지,2005,1종,840082
143,장지,2005,2종,80352
143,장지,2005,3종,17852
143,장지,2005,4종,24950
143,장지,2005,5종,155681
143,장지,2005,6종,45582
144,함안,2005,1종,3959625
144,함안,2005,2종,291639
144,함안,2005,3종,105015
144,함안,2005,4종,72667
144,함안,2005,5종,192376
144,함안,2005,6종,260918
145,산인,2005,1종,8005604
145,산인,2005,2종,452145
145,산인,2005,3종,464483
145,산인,2005,4종,219060
145,산인,2005,5종,344465
145,산인,2005,6종,475828
146,동창원,2005,1종,7287305
146,동창원,2005,2종,652704
146,동창원,2005,3종,129269
146,동창원,2005,4종,145168
146,동창원,2005,5종,480921
146,동창원,2005,6종,415329
147,진례,2005,1종,5983508
147,진례,2005,2종,944662
147,진례,2005,3종,107386
147,진례,2005,4종,213455
147,진례,2005,5종,300266
147,진례,2005,6종,316730
148,서김해,2005,1종,7871669
148,서김해,2005,2종,650136
148,서김해,2005,3종,145494
148,서김해,2005,4종,152785
148,서김해,2005,5종,349520
148,서김해,2005,6종,504897
149,동김해,2005,1종,12993473
149,동김해,2005,2종,789032
149,동김해,2005,3종,211691
149,동김해,2005,4종,194326
149,동김해,2005,5종,343772
149,동김해,2005,6종,979005
150,북부산,2005,1종,29365527
150,북부산,2005,2종,2023998
150,북부산,2005,3종,749526
150,북부산,2005,4종,588284
150,북부산,2005,5종,1715202
150,북부산,2005,6종,1759536
151,북대전,2005,1종,6076378
151,북대전,2005,2종,259470
151,북대전,2005,3종,212668
151,북대전,2005,4종,133395
151,북대전,2005,5종,148148
151,북대전,2005,6종,242243
152,유성,2005,1종,9920138
152,유성,2005,2종,581952
152,유성,2005,3종,347239
152,유성,2005,4종,142047
152,유성,2005,5종,215844
152,유성,2005,6종,376833
153,서대전,2005,1종,6350328
153,서대전,2005,2종,393102
153,서대전,2005,3종,128051
153,서대전,2005,4종,99649
153,서대전,2005,5종,142912
153,서대전,2005,6종,285795
154,안영,2005,1종,4188569
154,안영,2005,2종,214506
154,안영,2005,3종,83873
154,안영,2005,4종,67309
154,안영,2005,5종,130951
154,안영,2005,6종,172659
155,논산,2005,1종,2431059
155,논산,2005,2종,387078
155,논산,2005,3종,117426
155,논산,2005,4종,122615
155,논산,2005,5종,132837
155,논산,2005,6종,77861
156,익산,2005,1종,3191833
156,익산,2005,2종,447412
156,익산,2005,3종,258827
156,익산,2005,4종,175080
156,익산,2005,5종,388004
156,익산,2005,6종,82398
157,삼례,2005,1종,886454
157,삼례,2005,2종,110706
157,삼례,2005,3종,22270
157,삼례,2005,4종,37762
157,삼례,2005,5종,49812
157,삼례,2005,6종,24674
158,전주,2005,1종,6508820
158,전주,2005,2종,520043
158,전주,2005,3종,493018
158,전주,2005,4종,168247
158,전주,2005,5종,379570
158,전주,2005,6종,170052
159,서전주,2005,1종,1998007
159,서전주,2005,2종,128790
159,서전주,2005,3종,48607
159,서전주,2005,4종,28006
159,서전주,2005,5종,39815
159,서전주,2005,6종,53867
160,김제,2005,1종,1248174
160,김제,2005,2종,103724
160,김제,2005,3종,90864
160,김제,2005,4종,28260
160,김제,2005,5종,25856
160,김제,2005,6종,33306
161,금산사,2005,1종,629142
161,금산사,2005,2종,111171
161,금산사,2005,3종,18566
161,금산사,2005,4종,30123
161,금산사,2005,5종,65176
161,금산사,2005,6종,13180
162,태인,2005,1종,1096569
162,태인,2005,2종,160104
162,태인,2005,3종,62973
162,태인,2005,4종,43319
162,태인,2005,5종,94759
162,태인,2005,6종,26462
163,정읍,2005,1종,4141495
163,정읍,2005,2종,457721
163,정읍,2005,3종,308711
163,정읍,2005,4종,91060
163,정읍,2005,5종,121462
163,정읍,2005,6종,114427
164,무주,2005,1종,1665860
164,무주,2005,2종,57657
164,무주,2005,3종,55469
164,무주,2005,4종,12728
164,무주,2005,5종,27550
164,무주,2005,6종,42685
165,백양사,2005,1종,1271196
165,백양사,2005,2종,86320
165,백양사,2005,3종,62974
165,백양사,2005,4종,23807
165,백양사,2005,5종,22862
165,백양사,2005,6종,37136
166,장성,2005,1종,2161327
166,장성,2005,2종,180973
166,장성,2005,3종,134707
166,장성,2005,4종,51559
166,장성,2005,5종,86492
166,장성,2005,6종,86145
167,광주,2005,1종,11159952
167,광주,2005,2종,1090172
167,광주,2005,3종,929984
167,광주,2005,4종,367924
167,광주,2005,5종,383091
167,광주,2005,6종,293658
168,덕유산,2005,1종,580777
168,덕유산,2005,2종,26355
168,덕유산,2005,3종,19520
168,덕유산,2005,4종,5488
168,덕유산,2005,5종,19140
168,덕유산,2005,6종,13343
169,장수,2005,1종,1292322
169,장수,2005,2종,220274
169,장수,2005,3종,101958
169,장수,2005,4종,73047
169,장수,2005,5종,231319
169,장수,2005,6종,30131
170,서상,2005,1종,426703
170,서상,2005,2종,43373
170,서상,2005,3종,35542
170,서상,2005,4종,10060
170,서상,2005,5종,14045
170,서상,2005,6종,14422
171,마성,2005,1종,4100792
171,마성,2005,2종,116555
171,마성,2005,3종,234951
171,마성,2005,4종,10819
171,마성,2005,5종,9506
171,마성,2005,6종,165560
172,용인,2005,1종,9015723
172,용인,2005,2종,1004759
172,용인,2005,3종,218500
172,용인,2005,4종,171388
172,용인,2005,5종,162158
172,용인,2005,6종,427941
173,양지,2005,1종,7170141
173,양지,2005,2종,1228108
173,양지,2005,3종,304021
173,양지,2005,4종,284466
173,양지,2005,5종,385095
173,양지,2005,6종,255562
174,춘천,2005,1종,4909951
174,춘천,2005,2종,265696
174,춘천,2005,3종,187308
174,춘천,2005,4종,57972
174,춘천,2005,5종,75354
174,춘천,2005,6종,230887
175,덕평,2005,1종,2147215
175,덕평,2005,2종,242463
175,덕평,2005,3종,101768
175,덕평,2005,4종,62670
175,덕평,2005,5종,72780
175,덕평,2005,6종,78211
176,이천,2005,1종,6269509
176,이천,2005,2종,663320
176,이천,2005,3종,302374
176,이천,2005,4종,232017
176,이천,2005,5종,302881
176,이천,2005,6종,215843
177,여주,2005,1종,4511251
177,여주,2005,2종,381731
177,여주,2005,3종,227790
177,여주,2005,4종,128420
177,여주,2005,5종,161240
177,여주,2005,6종,139712
178,문막,2005,1종,2897204
178,문막,2005,2종,353884
178,문막,2005,3종,155062
178,문막,2005,4종,83626
178,문막,2005,5종,160163
178,문막,2005,6종,91691
179,홍천,2005,1종,3182719
179,홍천,2005,2종,186623
179,홍천,2005,3종,110917
179,홍천,2005,4종,52934
179,홍천,2005,5종,56391
179,홍천,2005,6종,146042
180,원주,2005,1종,2908009
180,원주,2005,2종,278687
180,원주,2005,3종,339372
180,원주,2005,4종,85971
180,원주,2005,5종,116043
180,원주,2005,6종,109633
181,새말,2005,1종,1910099
181,새말,2005,2종,166640
181,새말,2005,3종,104453
181,새말,2005,4종,29446
181,새말,2005,5종,54574
181,새말,2005,6종,55252
182,둔내,2005,1종,1288955
182,둔내,2005,2종,88081
182,둔내,2005,3종,52898
182,둔내,2005,4종,20950
182,둔내,2005,5종,32742
182,둔내,2005,6종,36965
183,면온,2005,1종,1185249
183,면온,2005,2종,28644
183,면온,2005,3종,41633
183,면온,2005,4종,14620
183,면온,2005,5종,11187
183,면온,2005,6종,25941
184,대관령,2005,1종,1919646
184,대관령,2005,2종,93441
184,대관령,2005,3종,143108
184,대관령,2005,4종,16720
184,대관령,2005,5종,24571
184,대관령,2005,6종,58906
185,평창,2005,1종,1448147
185,평창,2005,2종,97220
185,평창,2005,3종,135863
185,평창,2005,4종,11611
185,평창,2005,5종,32528
185,평창,2005,6종,45553
186,속사,2005,1종,466714
186,속사,2005,2종,40150
186,속사,2005,3종,14213
186,속사,2005,4종,9707
186,속사,2005,5종,9758
186,속사,2005,6종,13608
187,진부,2005,1종,1472069
187,진부,2005,2종,87251
187,진부,2005,3종,146311
187,진부,2005,4종,17621
187,진부,2005,5종,24824
187,진부,2005,6종,50582
189,강릉,2005,1종,5369502
189,강릉,2005,2종,288261
189,강릉,2005,3종,483174
189,강릉,2005,4종,113597
189,강릉,2005,5종,147582
189,강릉,2005,6종,210810
190,동서울,2005,1종,37288555
190,동서울,2005,2종,3140167
190,동서울,2005,3종,1948657
190,동서울,2005,4종,554145
190,동서울,2005,5종,646559
190,동서울,2005,6종,1124083
191,경기광주,2005,1종,7931319
191,경기광주,2005,2종,631613
191,경기광주,2005,3종,242424
191,경기광주,2005,4종,78735
191,경기광주,2005,5종,74335
191,경기광주,2005,6종,347305
192,곤지암,2005,1종,8196440
192,곤지암,2005,2종,1001530
192,곤지암,2005,3종,192489
192,곤지암,2005,4종,176226
192,곤지암,2005,5종,198115
192,곤지암,2005,6종,270999
193,일죽,2005,1종,4532592
193,일죽,2005,2종,680223
193,일죽,2005,3종,222577
193,일죽,2005,4종,161410
193,일죽,2005,5종,157452
193,일죽,2005,6종,130904
194,서이천,2005,1종,3654926
194,서이천,2005,2종,452767
194,서이천,2005,3종,148165
194,서이천,2005,4종,85860
194,서이천,2005,5종,91685
194,서이천,2005,6종,131898
195,대소,2005,1종,3368456
195,대소,2005,2종,618138
195,대소,2005,3종,143730
195,대소,2005,4종,141760
195,대소,2005,5종,140922
195,대소,2005,6종,105031
196,진천,2005,1종,2459944
196,진천,2005,2종,351981
196,진천,2005,3종,100370
196,진천,2005,4종,87693
196,진천,2005,5종,135551
196,진천,2005,6종,81166
197,증평,2005,1종,3436821
197,증평,2005,2종,423707
197,증평,2005,3종,128189
197,증평,2005,4종,96575
197,증평,2005,5종,215698
197,증평,2005,6종,103206
198,서청주,2005,1종,6051269
198,서청주,2005,2종,575758
198,서청주,2005,3종,285901
198,서청주,2005,4종,208475
198,서청주,2005,5종,226540
198,서청주,2005,6종,215581
199,오창,2005,1종,3174940
199,오창,2005,2종,292601
199,오창,2005,3종,147021
199,오창,2005,4종,108531
199,오창,2005,5종,98420
199,오창,2005,6종,97872
200,금산,2005,1종,2345857
200,금산,2005,2종,103379
200,금산,2005,3종,43226
200,금산,2005,4종,30048
200,금산,2005,5종,102283
200,금산,2005,6종,79701
201,칠곡,2005,1종,5994528
201,칠곡,2005,2종,333373
201,칠곡,2005,3종,145069
201,칠곡,2005,4종,46341
201,칠곡,2005,5종,83085
201,칠곡,2005,6종,304947
202,다부,2005,1종,1052898
202,다부,2005,2종,100839
202,다부,2005,3종,24964
202,다부,2005,4종,24760
202,다부,2005,5종,54014
202,다부,2005,6종,37191
203,가산,2005,1종,4427540
203,가산,2005,2종,303432
203,가산,2005,3종,76173
203,가산,2005,4종,62007
203,가산,2005,5종,139351
203,가산,2005,6종,175928
204,추부,2005,1종,3038257
204,추부,2005,2종,218302
204,추부,2005,3종,68530
204,추부,2005,4종,48234
204,추부,2005,5종,81942
204,추부,2005,6종,131089
205,군위,2005,1종,1312741
205,군위,2005,2종,123969
205,군위,2005,3종,15949
205,군위,2005,4종,15523
205,군위,2005,5종,36220
205,군위,2005,6종,48175
206,의성,2005,1종,1814238
206,의성,2005,2종,121542
206,의성,2005,3종,31159
206,의성,2005,4종,21424
206,의성,2005,5종,43788
206,의성,2005,6종,63252
207,남안동,2005,1종,2621681
207,남안동,2005,2종,159255
207,남안동,2005,3종,121820
207,남안동,2005,4종,24587
207,남안동,2005,5종,70966
207,남안동,2005,6종,94864
208,서안동,2005,1종,2133850
208,서안동,2005,2종,143058
208,서안동,2005,3종,86696
208,서안동,2005,4종,22418
208,서안동,2005,5종,90445
208,서안동,2005,6종,71528
209,예천,2005,1종,413309
209,예천,2005,2종,21648
209,예천,2005,3종,6680
209,예천,2005,4종,3873
209,예천,2005,5종,40331
209,예천,2005,6종,16152
210,영주,2005,1종,1558846
210,영주,2005,2종,109311
210,영주,2005,3종,59250
210,영주,2005,4종,16782
210,영주,2005,5종,79892
210,영주,2005,6종,56682
211,풍기,2005,1종,1958648
211,풍기,2005,2종,122973
211,풍기,2005,3종,135739
211,풍기,2005,4종,15016
211,풍기,2005,5종,65423
211,풍기,2005,6종,71607
212,북수원,2005,1종,15645379
212,북수원,2005,2종,974929
212,북수원,2005,3종,523492
212,북수원,2005,4종,262666
212,북수원,2005,5종,272181
212,북수원,2005,6종,701027
213,부곡,2005,1종,3028953
213,부곡,2005,2종,169458
213,부곡,2005,3종,48969
213,부곡,2005,4종,69983
213,부곡,2005,5종,761425
213,부곡,2005,6종,154035
214,동군포,2005,1종,1617201
214,동군포,2005,2종,260304
214,동군포,2005,3종,65299
214,동군포,2005,4종,155885
214,동군포,2005,5종,96660
214,동군포,2005,6종,72304
215,군포,2005,1종,7993040
215,군포,2005,2종,931232
215,군포,2005,3종,215882
215,군포,2005,4종,215341
215,군포,2005,5종,306645
215,군포,2005,6종,351297
216,횡성,2005,1종,1398480
216,횡성,2005,2종,108041
216,횡성,2005,3종,42189
216,횡성,2005,4종,22364
216,횡성,2005,5종,35482
216,횡성,2005,6종,54532
217,북원주,2005,1종,708981
217,북원주,2005,2종,60119
217,북원주,2005,3종,9042
217,북원주,2005,4종,14015
217,북원주,2005,5종,12440
217,북원주,2005,6종,32840
218,남원주,2005,1종,5682240
218,남원주,2005,2종,339475
218,남원주,2005,3종,173000
218,남원주,2005,4종,60538
218,남원주,2005,5종,96562
218,남원주,2005,6종,220288
219,신림,2005,1종,1088861
219,신림,2005,2종,59690
219,신림,2005,3종,39272
219,신림,2005,4종,12228
219,신림,2005,5종,134531
219,신림,2005,6종,36463
221,생초,2005,1종,551714
221,생초,2005,2종,88864
221,생초,2005,3종,28735
221,생초,2005,4종,39772
221,생초,2005,5종,80023
221,생초,2005,6종,18438
222,산청,2005,1종,554029
222,산청,2005,2종,34478
222,산청,2005,3종,19593
222,산청,2005,4종,8034
222,산청,2005,5종,14045
222,산청,2005,6종,21015
223,단성,2005,1종,1071094
223,단성,2005,2종,61014
223,단성,2005,3종,56874
223,단성,2005,4종,16383
223,단성,2005,5종,37236
223,단성,2005,6종,37661
224,함양,2005,1종,1217241
224,함양,2005,2종,83573
224,함양,2005,3종,63948
224,함양,2005,4종,13017
224,함양,2005,5종,52342
224,함양,2005,6종,54549
225,서진주,2005,1종,3409011
225,서진주,2005,2종,129966
225,서진주,2005,3종,53451
225,서진주,2005,4종,22211
225,서진주,2005,5종,55622
225,서진주,2005,6종,201149
227,군산,2005,1종,1222198
227,군산,2005,2종,64423
227,군산,2005,3종,66888
227,군산,2005,4종,14210
227,군산,2005,5종,38468
227,군산,2005,6종,34239
228,동군산,2005,1종,3685560
228,동군산,2005,2종,325059
228,동군산,2005,3종,118900
228,동군산,2005,4종,86396
228,동군산,2005,5종,290419
228,동군산,2005,6종,89483
231,화원옥포,2005,1종,17157862
231,화원옥포,2005,2종,2144104
231,화원옥포,2005,3종,939122
231,화원옥포,2005,4종,579244
231,화원옥포,2005,5종,1456589
231,화원옥포,2005,6종,680615
232,달성,2005,1종,2602543
232,달성,2005,2종,324229
232,달성,2005,3종,136902
232,달성,2005,4종,66177
232,달성,2005,5종,56172
232,달성,2005,6종,173453
233,현풍,2005,1종,2907091
233,현풍,2005,2종,396664
233,현풍,2005,3종,82280
233,현풍,2005,4종,94017
233,현풍,2005,5종,241108
233,현풍,2005,6종,117266
234,서천,2005,1종,1389418
234,서천,2005,2종,143866
234,서천,2005,3종,25912
234,서천,2005,4종,61823
234,서천,2005,5종,136221
234,서천,2005,6종,38893
235,창녕,2005,1종,1785849
235,창녕,2005,2종,119372
235,창녕,2005,3종,89854
235,창녕,2005,4종,15468
235,창녕,2005,5종,42563
235,창녕,2005,6종,79854
236,영산,2005,1종,1930702
236,영산,2005,2종,159051
236,영산,2005,3종,87459
236,영산,2005,4종,24612
236,영산,2005,5종,34643
236,영산,2005,6종,87232
237,남지,2005,1종,1769658
237,남지,2005,2종,203181
237,남지,2005,3종,122804
237,남지,2005,4종,68915
237,남지,2005,5종,220737
237,남지,2005,6종,105227
238,칠서,2005,1종,2078094
238,칠서,2005,2종,309246
238,칠서,2005,3종,65977
238,칠서,2005,4종,196126
238,칠서,2005,5종,207540
238,칠서,2005,6종,119940
239,칠원,2005,1종,5188717
239,칠원,2005,2종,467880
239,칠원,2005,3종,303617
239,칠원,2005,4종,268043
239,칠원,2005,5종,379894
239,칠원,2005,6종,268403
240,제천,2005,1종,4026385
240,제천,2005,2종,247422
240,제천,2005,3종,199407
240,제천,2005,4종,44620
240,제천,2005,5종,196982
240,제천,2005,6종,132804
241,동고령,2005,1종,1646988
241,동고령,2005,2종,162031
241,동고령,2005,3종,102614
241,동고령,2005,4종,35240
241,동고령,2005,5종,65833
241,동고령,2005,6종,65765
242,고령,2005,1종,1650689
242,고령,2005,2종,146562
242,고령,2005,3종,41357
242,고령,2005,4종,24424
242,고령,2005,5종,50655
242,고령,2005,6종,68964
243,해인사,2005,1종,993330
243,해인사,2005,2종,54041
243,해인사,2005,3종,29828
243,해인사,2005,4종,9231
243,해인사,2005,5종,7497
243,해인사,2005,6종,46204
244,서부산,2005,1종,23035271
244,서부산,2005,2종,1816176
244,서부산,2005,3종,950860
244,서부산,2005,4종,611154
244,서부산,2005,5종,1966326
244,서부산,2005,6종,1245057
245,장유,2005,1종,15570589
245,장유,2005,2종,963907
245,장유,2005,3종,401246
245,장유,2005,4종,206908
245,장유,2005,5종,618197
245,장유,2005,6종,1074287
246,가락,2005,1종,4742330
246,가락,2005,2종,466432
246,가락,2005,3종,80922
246,가락,2005,4종,173569
246,가락,2005,5종,306701
246,가락,2005,6종,273030
247,남원,2005,1종,1899729
247,남원,2005,2종,154349
247,남원,2005,3종,113388
247,남원,2005,4종,37780
247,남원,2005,5종,77255
247,남원,2005,6종,55990
248,순창,2005,1종,818018
248,순창,2005,2종,52577
248,순창,2005,3종,21810
248,순창,2005,4종,14461
248,순창,2005,5종,16262
248,순창,2005,6종,27596
249,담양,2005,1종,1084145
249,담양,2005,2종,68043
249,담양,2005,3종,129389
249,담양,2005,4종,16338
249,담양,2005,5종,41427
249,담양,2005,6종,32419
250,남양산,2005,1종,9632720
250,남양산,2005,2종,984145
250,남양산,2005,3종,255813
250,남양산,2005,4종,289895
250,남양산,2005,5종,505402
250,남양산,2005,6종,614743
251,물금,2005,1종,2071849
251,물금,2005,2종,424908
251,물금,2005,3종,82409
251,물금,2005,4종,246383
251,물금,2005,5종,1348656
251,물금,2005,6종,105848
252,대동,2005,1종,20611872
252,대동,2005,2종,2858649
252,대동,2005,3종,603250
252,대동,2005,4종,798899
252,대동,2005,5종,2493040
252,대동,2005,6종,970872
253,서서울,2005,1종,48192189
253,서서울,2005,2종,3814107
253,서서울,2005,3종,1046623
253,서서울,2005,4종,928736
253,서서울,2005,5종,1250390
253,서서울,2005,6종,1832391
254,군자,2005,1종,30526951
254,군자,2005,2종,3144570
254,군자,2005,3종,866504
254,군자,2005,4종,829019
254,군자,2005,5종,2770504
254,군자,2005,6종,1375905
255,서안산,2005,1종,11921307
255,서안산,2005,2종,1399289
255,서안산,2005,3종,177358
255,서안산,2005,4종,314736
255,서안산,2005,5종,553623
255,서안산,2005,6종,576355
256,안산,2005,1종,12599868
256,안산,2005,2종,482803
256,안산,2005,3종,137727
256,안산,2005,4종,63375
256,안산,2005,5종,109919
256,안산,2005,6종,663080
257,홍성,2005,1종,3468186
257,홍성,2005,2종,169648
257,홍성,2005,3종,95132
257,홍성,2005,4종,22104
257,홍성,2005,5종,67324
257,홍성,2005,6종,84310
258,광천,2005,1종,1232208
258,광천,2005,2종,126925
258,광천,2005,3종,22437
258,광천,2005,4종,18905
258,광천,2005,5종,84397
258,광천,2005,6종,29331
259,대천,2005,1종,3028979
259,대천,2005,2종,168640
259,대천,2005,3종,71133
259,대천,2005,4종,24478
259,대천,2005,5종,34894
259,대천,2005,6종,88675
260,춘장대,2005,1종,585724
260,춘장대,2005,2종,35166
260,춘장대,2005,3종,8929
260,춘장대,2005,4종,4796
260,춘장대,2005,5종,12905
260,춘장대,2005,6종,14247
261,동광주,2005,1종,11476101
261,동광주,2005,2종,746958
261,동광주,2005,3종,683200
261,동광주,2005,4종,274137
261,동광주,2005,5종,579287
261,동광주,2005,6종,332726
262,창평,2005,1종,752207
262,창평,2005,2종,50823
262,창평,2005,3종,11497
262,창평,2005,4종,36549
262,창평,2005,5종,20636
262,창평,2005,6종,22593
263,옥과,2005,1종,1961394
263,옥과,2005,2종,87421
263,옥과,2005,3종,124091
263,옥과,2005,4종,49967
263,옥과,2005,5종,62477
263,옥과,2005,6종,66105
264,동남원,2005,1종,518577
264,동남원,2005,2종,36614
264,동남원,2005,3종,22153
264,동남원,2005,4종,13231
264,동남원,2005,5종,33479
264,동남원,2005,6종,15345
265,곡성,2005,1종,1638287
265,곡성,2005,2종,90203
265,곡성,2005,3종,43298
265,곡성,2005,4종,39255
265,곡성,2005,5종,68753
265,곡성,2005,6종,50623
266,석곡,2005,1종,569236
266,석곡,2005,2종,29472
266,석곡,2005,3종,26075
266,석곡,2005,4종,4037
266,석곡,2005,5종,11037
266,석곡,2005,6종,18150
267,주암송광사,2005,1종,1542158
267,주암송광사,2005,2종,103723
267,주암송광사,2005,3종,42778
267,주암송광사,2005,4종,38502
267,주암송광사,2005,5종,101328
267,주암송광사,2005,6종,44463
268,승주,2005,1종,604125
268,승주,2005,2종,27704
268,승주,2005,3종,21986
268,승주,2005,4종,5740
268,승주,2005,5종,9919
268,승주,2005,6종,24829
269,지리산,2005,1종,694758
269,지리산,2005,2종,46479
269,지리산,2005,3종,30265
269,지리산,2005,4종,14389
269,지리산,2005,5종,6726
269,지리산,2005,6종,18817
270,서순천,2005,1종,2029396
270,서순천,2005,2종,121174
270,서순천,2005,3종,125903
270,서순천,2005,4종,30429
270,서순천,2005,5종,196430
270,서순천,2005,6종,70580
271,순천,2005,1종,5799511
271,순천,2005,2종,349010
271,순천,2005,3종,178714
271,순천,2005,4종,102143
271,순천,2005,5종,304887
271,순천,2005,6종,201515
272,광양,2005,1종,2304030
272,광양,2005,2종,283938
272,광양,2005,3종,159181
272,광양,2005,4종,167496
272,광양,2005,5종,686898
272,광양,2005,6종,69716
273,동광양,2005,1종,1236926
273,동광양,2005,2종,49333
273,동광양,2005,3종,24159
273,동광양,2005,4종,16786
273,동광양,2005,5종,385768
273,동광양,2005,6종,68233
274,가조,2005,1종,719964
274,가조,2005,2종,49425
274,가조,2005,3종,29246
274,가조,2005,4종,11012
274,가조,2005,5종,7485
274,가조,2005,6종,46140
275,옥곡,2005,1종,1235850
275,옥곡,2005,2종,53369
275,옥곡,2005,3종,41422
275,옥곡,2005,4종,9495
275,옥곡,2005,5종,56777
275,옥곡,2005,6종,54423
276,진월,2005,1종,976765
276,진월,2005,2종,46750
276,진월,2005,3종,18989
276,진월,2005,4종,30190
276,진월,2005,5종,532805
276,진월,2005,6종,35124
277,하동,2005,1종,2200848
277,하동,2005,2종,104837
277,하동,2005,3종,90751
277,하동,2005,4종,30569
277,하동,2005,5종,418122
277,하동,2005,6종,93417
278,진교,2005,1종,2155017
278,진교,2005,2종,114416
278,진교,2005,3종,160521
278,진교,2005,4종,14645
278,진교,2005,5종,31527
278,진교,2005,6종,127479
279,곤양,2005,1종,1527619
279,곤양,2005,2종,92493
279,곤양,2005,3종,64251
279,곤양,2005,4종,26584
279,곤양,2005,5종,47793
279,곤양,2005,6종,91284
280,거창,2005,1종,2231772
280,거창,2005,2종,157801
280,거창,2005,3종,146246
280,거창,2005,4종,31276
280,거창,2005,5종,65867
280,거창,2005,6종,107693
281,매송,2005,1종,6117496
281,매송,2005,2종,647367
281,매송,2005,3종,190717
281,매송,2005,4종,169928
281,매송,2005,5종,309954
281,매송,2005,6종,234542
282,비봉,2005,1종,7422535
282,비봉,2005,2종,794049
282,비봉,2005,3종,145739
282,비봉,2005,4종,169302
282,비봉,2005,5종,422912
282,비봉,2005,6종,258177
283,발안,2005,1종,5239310
283,발안,2005,2종,609822
283,발안,2005,3종,88534
283,발안,2005,4종,132220
283,발안,2005,5종,303244
283,발안,2005,6종,162241
284,남양양,2005,1종,2817751
284,남양양,2005,2종,99388
284,남양양,2005,3종,140267
284,남양양,2005,4종,37808
284,남양양,2005,5종,76761
284,남양양,2005,6종,65753
285,서평택,2005,1종,7550242
285,서평택,2005,2종,779737
285,서평택,2005,3종,161050
285,서평택,2005,4종,374292
285,서평택,2005,5종,924836
285,서평택,2005,6종,231513
287,송악,2005,1종,4493682
287,송악,2005,2종,391046
287,송악,2005,3종,123545
287,송악,2005,4종,137931
287,송악,2005,5종,655810
287,송악,2005,6종,115749
288,당진,2005,1종,3485325
288,당진,2005,2종,290088
288,당진,2005,3종,129464
288,당진,2005,4종,83644
288,당진,2005,5종,298921
288,당진,2005,6종,94299
289,마산,2005,1종,11073762
289,마산,2005,2종,752867
289,마산,2005,3종,466129
289,마산,2005,4종,200391
289,마산,2005,5종,330620
289,마산,2005,6종,630829
290,축동,2005,1종,350099
290,축동,2005,2종,32300
290,축동,2005,3종,3363
290,축동,2005,4종,10834
290,축동,2005,5종,28827
290,축동,2005,6종,24513
291,사천,2005,1종,7755227
291,사천,2005,2종,534414
291,사천,2005,3종,309884
291,사천,2005,4종,102619
291,사천,2005,5종,323253
291,사천,2005,6종,406720
292,진주,2005,1종,6589703
292,진주,2005,2종,447124
292,진주,2005,3종,407704
292,진주,2005,4종,97242
292,진주,2005,5종,304010
292,진주,2005,6종,398023
293,문산,2005,1종,2259821
293,문산,2005,2종,220564
293,문산,2005,3종,33272
293,문산,2005,4종,45399
293,문산,2005,5종,120982
293,문산,2005,6종,120066
294,북창원,2005,1종,3003678
294,북창원,2005,2종,194076
294,북창원,2005,3종,29907
294,북창원,2005,4종,58593
294,북창원,2005,5종,70881
294,북창원,2005,6종,138064
295,진성,2005,1종,1562004
295,진성,2005,2종,156862
295,진성,2005,3종,70785
295,진성,2005,4종,34760
295,진성,2005,5종,126956
295,진성,2005,6종,76657
296,지수,2005,1종,561441
296,지수,2005,2종,59837
296,지수,2005,3종,10182
296,지수,2005,4종,6408
296,지수,2005,5종,14853
296,지수,2005,6종,28772
298,서산,2005,1종,3928591
298,서산,2005,2종,261796
298,서산,2005,3종,138696
298,서산,2005,4종,78660
298,서산,2005,5종,148465
298,서산,2005,6종,104776
299,해미,2005,1종,1903943
299,해미,2005,2종,134157
299,해미,2005,3종,73024
299,해미,2005,4종,36950
299,해미,2005,5종,118503
299,해미,2005,6종,54260
501,서김제,2005,1종,760354
501,서김제,2005,2종,80929
501,서김제,2005,3종,19476
501,서김제,2005,4종,13788
501,서김제,2005,5종,35433
501,서김제,2005,6종,17593
502,부안,2005,1종,1126599
502,부안,2005,2종,108781
502,부안,2005,3종,33417
502,부안,2005,4종,24464
502,부안,2005,5종,73295
502,부안,2005,6종,27122
503,줄포,2005,1종,640363
503,줄포,2005,2종,41028
503,줄포,2005,3종,22786
503,줄포,2005,4종,4341
503,줄포,2005,5종,8683
503,줄포,2005,6종,12720
504,선운산,2005,1종,871177
504,선운산,2005,2종,136726
504,선운산,2005,3종,93775
504,선운산,2005,4종,23733
504,선운산,2005,5종,51425
504,선운산,2005,6종,16924
505,고창,2005,1종,900399
505,고창,2005,2종,75839
505,고창,2005,3종,20450
505,고창,2005,4종,8756
505,고창,2005,5종,16319
505,고창,2005,6종,20490
506,영광,2005,1종,769690
506,영광,2005,2종,76780
506,영광,2005,3종,47086
506,영광,2005,4종,8958
506,영광,2005,5종,11541
506,영광,2005,6종,17840
507,함평,2005,1종,696572
507,함평,2005,2종,129988
507,함평,2005,3종,24926
507,함평,2005,4종,15357
507,함평,2005,5종,42019
507,함평,2005,6종,14634
508,무안,2005,1종,3436242
508,무안,2005,2종,283839
508,무안,2005,3종,131796
508,무안,2005,4종,45635
508,무안,2005,5종,168247
508,무안,2005,6종,79638
509,목포,2005,1종,5242753
509,목포,2005,2종,471612
509,목포,2005,3종,252113
509,목포,2005,4종,73510
509,목포,2005,5종,275114
509,목포,2005,6종,117572
511,무창포,2005,1종,614051
511,무창포,2005,2종,54417
511,무창포,2005,3종,8157
511,무창포,2005,4종,6430
511,무창포,2005,5종,36121
511,무창포,2005,6종,14226
512,연화산,2005,1종,27947
512,연화산,2005,2종,1405
512,연화산,2005,3종,270
512,연화산,2005,4종,195
512,연화산,2005,5종,829
512,연화산,2005,6종,1197
513,고성,2005,1종,119033
513,고성,2005,2종,12773
513,고성,2005,3종,3401
513,고성,2005,4종,5266
513,고성,2005,5종,7597
513,고성,2005,6종,3951
514,동고성,2005,1종,37094
514,동고성,2005,2종,1845
514,동고성,2005,3종,492
514,동고성,2005,4종,873
514,동고성,2005,5종,4407
514,동고성,2005,6종,1670
515,북통영,2005,1종,65928
515,북통영,2005,2종,4969
515,북통영,2005,3종,2078
515,북통영,2005,4종,909
515,북통영,2005,5종,2264
515,북통영,2005,6종,2479
516,통영,2005,1종,216399
516,통영,2005,2종,14864
516,통영,2005,3종,6024
516,통영,2005,4종,5631
516,통영,2005,5종,9903
516,통영,2005,6종,7032
521,단양,2005,1종,835510
521,단양,2005,2종,40940
521,단양,2005,3종,54415
521,단양,2005,4종,6622
521,단양,2005,5종,82933
521,단양,2005,6종,31695
522,북단양,2005,1종,839620
522,북단양,2005,2종,56410
522,북단양,2005,3종,44320
522,북단양,2005,4종,17277
522,북단양,2005,5종,219654
522,북단양,2005,6종,26946
523,남제천,2005,1종,562407
523,남제천,2005,2종,28765
523,남제천,2005,3종,21856
523,남제천,2005,4종,4034
523,남제천,2005,5종,11462
523,남제천,2005,6종,15587
524,청통와촌,2005,1종,1934604
524,청통와촌,2005,2종,178728
524,청통와촌,2005,3종,38447
524,청통와촌,2005,4종,26812
524,청통와촌,2005,5종,52164
524,청통와촌,2005,6종,70299
525,북영천,2005,1종,1551783
525,북영천,2005,2종,140896
525,북영천,2005,3종,26862
525,북영천,2005,4종,34015
525,북영천,2005,5종,213492
525,북영천,2005,6종,49014
526,서포항,2005,1종,889366
526,서포항,2005,2종,42083
526,서포항,2005,3종,15029
526,서포항,2005,4종,8949
526,서포항,2005,5종,26472
526,서포항,2005,6종,33634
527,포항,2005,1종,5920449
527,포항,2005,2종,208721
527,포항,2005,3종,174810
527,포항,2005,4종,44941
527,포항,2005,5종,276773
527,포항,2005,6종,205404
529,노포,2005,1종,176207
529,노포,2005,2종,12677
529,노포,2005,3종,50162
529,노포,2005,4종,3341
529,노포,2005,5종,3087
529,노포,2005,6종,7049
530,내장산,2005,1종,485507
530,내장산,2005,2종,29405
530,내장산,2005,3종,10615
530,내장산,2005,4종,5575
530,내장산,2005,5종,7664
530,내장산,2005,6종,13451
540,청북,2005,1종,3180102
540,청북,2005,2종,619259
540,청북,2005,3종,105021
540,청북,2005,4종,181027
540,청북,2005,5종,366309
540,청북,2005,6종,88592
541,송탄,2005,1종,3698083
541,송탄,2005,2종,419280
541,송탄,2005,3종,86627
541,송탄,2005,4종,99419
541,송탄,2005,5종,176193
541,송탄,2005,6종,122837
542,서안성,2005,1종,2046942
542,서안성,2005,2종,362407
542,서안성,2005,3종,74500
542,서안성,2005,4종,96754
542,서안성,2005,5종,160914
542,서안성,2005,6종,64034
560,감곡,2005,1종,2733739
560,감곡,2005,2종,282632
560,감곡,2005,3종,135040
560,감곡,2005,4종,60805
560,감곡,2005,5종,373701
560,감곡,2005,6종,67632
561,북충주,2005,1종,677610
561,북충주,2005,2종,47564
561,북충주,2005,3종,10450
561,북충주,2005,4종,7365
561,북충주,2005,5종,13070
561,북충주,2005,6종,20524
562,충주,2005,1종,2266788
562,충주,2005,2종,212443
562,충주,2005,3종,148528
562,충주,2005,4종,78392
562,충주,2005,5종,121006
562,충주,2005,6종,72526
563,괴산,2005,1종,558466
563,괴산,2005,2종,22340
563,괴산,2005,3종,19812
563,괴산,2005,4종,4804
563,괴산,2005,5종,6816
563,괴산,2005,6종,13892
564,연풍,2005,1종,652778
564,연풍,2005,2종,185375
564,연풍,2005,3종,68364
564,연풍,2005,4종,60822
564,연풍,2005,5종,92669
564,연풍,2005,6종,15444
565,문경새재,2005,1종,1182798
565,문경새재,2005,2종,141076
565,문경새재,2005,3종,67861
565,문경새재,2005,4종,36593
565,문경새재,2005,5종,59510
565,문경새재,2005,6종,34282
566,점촌함창,2005,1종,1481399
566,점촌함창,2005,2종,97715
566,점촌함창,2005,3종,63791
566,점촌함창,2005,4종,25624
566,점촌함창,2005,5종,59667
566,점촌함창,2005,6종,48468
570,북상주,2005,1종,1206698
570,북상주,2005,2종,117727
570,북상주,2005,3종,46153
570,북상주,2005,4종,23773
570,북상주,2005,5종,56060
570,북상주,2005,6종,41586
580,북강릉,2005,1종,1273296
580,북강릉,2005,2종,62554
580,북강릉,2005,3종,29277
580,북강릉,2005,4종,15535
580,북강릉,2005,5종,41675
580,북강릉,2005,6종,38463
581,옥계,2005,1종,908055
581,옥계,2005,2종,50382
581,옥계,2005,3종,29572
581,옥계,2005,4종,38431
581,옥계,2005,5종,97990
581,옥계,2005,6종,47805
582,망상,2005,1종,855295
582,망상,2005,2종,44874
582,망상,2005,3종,119268
582,망상,2005,4종,9776
582,망상,2005,5종,12477
582,망상,2005,6종,34850
583,동해,2005,1종,2927504
583,동해,2005,2종,156879
583,동해,2005,3종,129455
583,동해,2005,4종,58049
583,동해,2005,5종,141025
583,동해,2005,6종,117549
601,남천안,2005,1종,2498561
601,남천안,2005,2종,599880
601,남천안,2005,3종,141615
601,남천안,2005,4종,180055
601,남천안,2005,5종,258887
601,남천안,2005,6종,66036
602,풍세상,2005,1종,7848264
602,풍세상,2005,2종,700014
602,풍세상,2005,3종,1025498
602,풍세상,2005,4종,257643
602,풍세상,2005,5종,468456
602,풍세상,2005,6종,187142
603,정안,2005,1종,1483042
603,정안,2005,2종,238752
603,정안,2005,3종,128818
603,정안,2005,4종,75179
603,정안,2005,5종,100200
603,정안,2005,6종,38929
604,남공주,2005,1종,363293
604,남공주,2005,2종,27072
604,남공주,2005,3종,7627
604,남공주,2005,4종,8920
604,남공주,2005,5종,11889
604,남공주,2005,6종,9563
605,탄천,2005,1종,269761
605,탄천,2005,2종,23692
605,탄천,2005,3종,6565
605,탄천,2005,4종,4101
605,탄천,2005,5종,7138
605,탄천,2005,6종,7272
606,서논산,2005,1종,792509
606,서논산,2005,2종,117408
606,서논산,2005,3종,46123
606,서논산,2005,4종,39171
606,서논산,2005,5종,64037
606,서논산,2005,6종,22332
607,연무,2005,1종,558036
607,연무,2005,2종,40039
607,연무,2005,3종,26450
607,연무,2005,4종,9428
607,연무,2005,5종,14862
607,연무,2005,6종,14495
608,남논산하,2005,1종,5578713
608,남논산하,2005,2종,503144
608,남논산하,2005,3종,868252
608,남논산하,2005,4종,188920
608,남논산하,2005,5종,323806
608,남논산하,2005,6종,122234
