영업소코드,첫관측월,마지막관측월,개통판정,종료판정,첫해개월수,첫온전연도,최장휴지개월
2,2025-01,2025-12,개통,운영중,12,2025,0
3,2025-01,2025-12,개통,운영중,12,2025,0
11,2003-01,2025-12,좌측절단,운영중,12,2003,0
12,2012-04,2025-12,개통,운영중,9,2013,0
13,2012-04,2025-12,개통,운영중,9,2013,0
22,2003-01,2004-11,좌측절단,폐쇄,12,2003,0
25,2016-04,2025-12,개통,운영중,9,2017,0
29,2014-10,2025-12,개통,운영중,3,2015,0
53,2003-01,2025-12,좌측절단,운영중,12,2003,0
56,2003-01,2025-12,좌측절단,운영중,12,2003,0
57,2022-03,2025-12,개통,운영중,10,2023,0
58,2022-03,2025-12,개통,운영중,10,2023,0
59,2025-01,2025-12,개통,운영중,12,2025,0
61,2003-01,2025-12,좌측절단,운영중,12,2003,0
62,2003-01,2025-12,좌측절단,운영중,12,2003,0
63,2003-01,2025-12,좌측절단,운영중,12,2003,0
64,2003-01,2025-12,좌측절단,운영중,12,2003,0
65,2003-01,2025-12,좌측절단,운영중,12,2003,0
66,2003-01,2025-12,좌측절단,운영중,12,2003,0
67,2003-01,2025-12,좌측절단,운영중,12,2003,0
68,2003-01,2025-12,좌측절단,운영중,12,2003,0
69,2008-06,2025-12,개통,운영중,7,2009,0
73,2025-01,2025-12,개통,운영중,12,2025,0
74,2009-07,2025-12,개통,운영중,6,2010,0
91,2003-01,2025-12,좌측절단,운영중,12,2003,0
92,2004-08,2025-12,개통,운영중,5,2005,0
101,2003-01,2025-12,좌측절단,운영중,12,2003,0
102,2003-01,2025-12,좌측절단,운영중,12,2003,0
103,2003-01,2025-12,좌측절단,운영중,12,2003,0
104,2003-01,2025-12,좌측절단,운영중,12,2003,0
105,2003-01,2025-12,좌측절단,운영중,12,2003,0
106,2003-01,2025-12,좌측절단,운영중,12,2003,0
107,2003-01,2025-12,좌측절단,운영중,12,2003,0
108,2003-01,2025-12,좌측절단,운영중,12,2003,0
109,2003-01,2025-12,좌측절단,운영중,12,2003,0
110,2003-01,2025-12,좌측절단,운영중,12,2003,0
111,2003-01,2025-12,좌측절단,운영중,12,2003,0
112,2003-01,2025-12,좌측절단,운영중,12,2003,0
113,2003-01,2025-12,좌측절단,운영중,12,2003,0
114,2003-01,2025-12,좌측절단,운영중,12,2003,0
115,2003-01,2025-12,좌측절단,운영중,12,2003,0
116,2003-01,2025-12,좌측절단,운영중,12,2003,0
117,2003-01,2025-12,좌측절단,운영중,12,2003,0
118,2003-01,2025-12,좌측절단,운영중,12,2003,0
119,2003-01,2025-12,좌측절단,운영중,12,2003,0
120,2003-01,2025-12,좌측절단,운영중,12,2003,0
121,2003-01,2025-12,좌측절단,운영중,12,2003,0
122,2003-01,2025-12,좌측절단,운영중,12,2003,0
123,2003-01,2025-12,좌측절단,운영중,12,2003,0
124,2003-01,2025-12,좌측절단,운영중,12,2003,0
125,2003-01,2025-12,좌측절단,운영중,12,2003,0
126,2003-01,2025-12,좌측절단,운영중,12,2003,0
127,2003-01,2025-12,좌측절단,운영중,12,2003,0
128,2013-11,2025-12,개통,운영중,2,2014,0
129,2003-01,2025-12,좌측절단,운영중,12,2003,0
130,2003-01,2025-12,좌측절단,운영중,12,2003,78
131,2003-01,2025-12,좌측절단,운영중,12,2003,0
132,2003-01,2025-12,좌측절단,운영중,12,2003,0
133,2003-01,2025-12,좌측절단,운영중,12,2003,0
134,2003-01,2025-12,좌측절단,운영중,12,2003,0
135,2003-01,2025-12,좌측절단,운영중,12,2003,0
136,2003-01,2025-12,좌측절단,운영중,12,2003,101
137,2003-01,2025-12,좌측절단,운영중,12,2003,0
138,2003-01,2025-12,좌측절단,운영중,12,2003,0
139,2003-01,2025-12,좌측절단,운영중,12,2003,0
140,2003-01,2025-12,좌측절단,운영중,12,2003,0
141,2003-01,2008-12,좌측절단,폐쇄,12,2003,0
142,2003-01,2025-12,좌측절단,운영중,12,2003,0
143,2003-01,2025-12,좌측절단,운영중,12,2003,0
144,2003-01,2025-12,좌측절단,운영중,12,2003,0
145,2003-01,2025-12,좌측절단,운영중,12,2003,0
146,2003-01,2025-12,좌측절단,운영중,12,2003,0
147,2003-01,2025-12,좌측절단,운영중,12,2003,0
148,2003-01,2025-12,좌측절단,운영중,12,2003,0
149,2003-01,2025-12,좌측절단,운영중,12,2003,0
150,2003-01,2025-12,좌측절단,운영중,12,2003,0
151,2003-01,2025-12,좌측절단,운영중,12,2003,0
152,2003-01,2025-12,좌측절단,운영중,12,2003,0
153,2003-01,2025-12,좌측절단,운영중,12,2003,0
154,2003-01,2025-12,좌측절단,운영중,12,2003,0
155,2003-01,2025-12,좌측절단,운영중,12,2003,0
156,2003-01,2025-12,좌측절단,운영중,12,2003,0
157,2003-01,2025-12,좌측절단,운영중,12,2003,0
158,2003-01,2025-12,좌측절단,운영중,12,2003,0
159,2003-01,2025-12,좌측절단,운영중,12,2003,0
160,2003-01,2025-12,좌측절단,운영중,12,2003,0
161,2003-01,2025-12,좌측절단,운영중,12,2003,0
162,2003-01,2025-12,좌측절단,운영중,12,2003,0
163,2003-01,2025-12,좌측절단,운영중,12,2003,0
164,2003-01,2025-12,좌측절단,운영중,12,2003,0
165,2003-01,2025-12,좌측절단,운영중,12,2003,0
166,2003-01,2025-12,좌측절단,운영중,12,2003,0
167,2003-01,2025-12,좌측절단,운영중,12,2003,0
168,2003-01,2025-12,좌측절단,운영중,12,2003,0
169,2003-01,2025-12,좌측절단,운영중,12,2003,0
170,2003-01,2025-12,좌측절단,운영중,12,2003,0
171,2003-01,2025-12,좌측절단,운영중,12,2003,0
172,2003-01,2025-12,좌측절단,운영중,12,2003,0
173,2003-01,2025-12,좌측절단,운영중,12,2003,0
174,2003-01,2025-12,좌측절단,운영중,12,2003,0
175,2003-01,2025-12,좌측절단,운영중,12,2003,0
176,2003-01,2025-12,좌측절단,운영중,12,2003,0
177,2003-01,2025-12,좌측절단,운영중,12,2003,0
178,2003-01,2025-12,좌측절단,운영중,12,2003,0
179,2003-01,2025-12,좌측절단,운영중,12,2003,0
180,2003-01,2025-12,좌측절단,운영중,12,2003,0
181,2003-01,2025-12,좌측절단,운영중,12,2003,0
182,2003-01,2025-12,좌측절단,운영중,12,2003,0
183,2003-01,2025-12,좌측절단,운영중,12,2003,0
184,2003-01,2025-12,좌측절단,운영중,12,2003,0
185,2003-01,2025-12,좌측절단,운영중,12,2003,0
186,2003-01,2025-12,좌측절단,운영중,12,2003,0
187,2003-01,2025-12,좌측절단,운영중,12,2003,0
188,2013-07,2025-12,개통,운영중,6,2014,0
189,2003-01,2025-12,좌측절단,운영중,12,2003,0
190,2003-01,2025-12,좌측절단,운영중,12,2003,0
191,2003-01,2025-12,좌측절단,운영중,12,2003,0
192,2003-01,2025-12,좌측절단,운영중,12,2003,0
193,2003-01,2025-12,좌측절단,운영중,12,2003,0
194,2003-01,2025-12,좌측절단,운영중,12,2003,0
195,2003-01,2025-12,좌측절단,운영중,12,2003,0
196,2003-01,2025-12,좌측절단,운영중,12,2003,0
197,2003-01,2025-12,좌측절단,운영중,12,2003,0
198,2003-01,2025-12,좌측절단,운영중,12,2003,0
199,2003-01,2025-12,좌측절단,운영중,12,2003,0
200,2003-01,2025-12,좌측절단,운영중,12,2003,0
201,2003-01,2025-12,좌측절단,운영중,12,2003,0
202,2003-01,2025-12,좌측절단,운영중,12,2003,0
203,2003-01,2025-12,좌측절단,운영중,12,2003,0
204,2003-01,2025-12,좌측절단,운영중,12,2003,0
205,2003-01,2025-12,좌측절단,운영중,12,2003,0
206,2003-01,2025-12,좌측절단,운영중,12,2003,0
207,2003-01,2025-12,좌측절단,운영중,12,2003,0
208,2003-01,2025-12,좌측절단,운영중,12,2003,0
209,2003-01,2025-12,좌측절단,운영중,12,2003,0
210,2003-01,2025-12,좌측절단,운영중,12,2003,0
211,2003-01,2025-12,좌측절단,운영중,12,2003,0
212,2003-01,2025-12,좌측절단,운영중,12,2003,0
213,2003-01,2025-12,좌측절단,운영중,12,2003,0
214,2003-01,2025-12,좌측절단,운영중,12,2003,0
215,2003-01,2025-12,좌측절단,운영중,12,2003,0
216,2003-01,2025-12,좌측절단,운영중,12,2003,0
217,2003-01,2025-12,좌측절단,운영중,12,2003,0
218,2003-01,2025-12,좌측절단,운영중,12,2003,0
219,2003-01,2025-12,좌측절단,운영중,12,2003,0
220,2014-01,2025-12,개통,운영중,12,2014,0
221,2003-01,2025-12,좌측절단,운영중,12,2003,0
222,2003-01,2025-12,좌측절단,운영중,12,2003,0
223,2003-01,2025-12,좌측절단,운영중,12,2003,0
224,2003-01,2025-12,좌측절단,운영중,12,2003,0
225,2003-01,2025-12,좌측절단,운영중,12,2003,0
226,2017-08,2025-12,개통,운영중,5,2018,0
227,2003-01,2025-12,좌측절단,운영중,12,2003,0
228,2003-01,2025-12,좌측절단,운영중,12,2003,0
229,2012-09,2025-12,개통,운영중,4,2013,0
230,2006-11,2025-12,개통,운영중,2,2007,0
231,2003-01,2025-12,좌측절단,운영중,12,2003,0
232,2003-01,2025-12,좌측절단,운영중,12,2003,0
233,2003-01,2025-12,좌측절단,운영중,12,2003,0
234,2003-01,2025-12,좌측절단,운영중,12,2003,0
235,2003-01,2025-12,좌측절단,운영중,12,2003,0
236,2003-01,2025-12,좌측절단,운영중,12,2003,0
237,2003-01,2025-12,좌측절단,운영중,12,2003,0
238,2003-01,2025-12,좌측절단,운영중,12,2003,0
239,2003-01,2025-12,좌측절단,운영중,12,2003,0
240,2003-01,2025-12,좌측절단,운영중,12,2003,0
241,2003-01,2025-12,좌측절단,운영중,12,2003,0
242,2003-01,2025-12,좌측절단,운영중,12,2003,0
243,2003-01,2025-12,좌측절단,운영중,12,2003,0
244,2003-01,2025-12,좌측절단,운영중,12,2003,0
245,2003-01,2025-12,좌측절단,운영중,12,2003,0
246,2003-01,2025-12,좌측절단,운영중,12,2003,0
247,2003-01,2025-12,좌측절단,운영중,12,2003,0
248,2003-01,2025-12,좌측절단,운영중,12,2003,0
249,2003-01,2025-12,좌측절단,운영중,12,2003,0
250,2003-01,2025-12,좌측절단,운영중,12,2003,0
251,2003-01,2025-12,좌측절단,운영중,12,2003,0
252,2003-01,2025-12,좌측절단,운영중,12,2003,0
253,2003-01,2025-12,좌측절단,운영중,12,2003,0
254,2003-01,2025-12,좌측절단,운영중,12,2003,0
255,2003-01,2025-12,좌측절단,운영중,12,2003,0
256,2003-01,2025-12,좌측절단,운영중,12,2003,0
257,2003-01,2025-12,좌측절단,운영중,12,2003,0
258,2003-01,2025-12,좌측절단,운영중,12,2003,0
259,2003-01,2025-12,좌측절단,운영중,12,2003,0
260,2003-01,2025-12,좌측절단,운영중,12,2003,0
261,2003-01,2025-12,좌측절단,운영중,12,2003,0
262,2003-01,2025-12,좌측절단,운영중,12,2003,0
263,2003-01,2025-12,좌측절단,운영중,12,2003,0
264,2003-01,2025-12,좌측절단,운영중,12,2003,0
265,2003-01,2025-12,좌측절단,운영중,12,2003,0
266,2003-01,2025-12,좌측절단,운영중,12,2003,0
267,2003-01,2025-12,좌측절단,운영중,12,2003,0
268,2003-01,2025-12,좌측절단,운영중,12,2003,0
269,2003-01,2025-12,좌측절단,운영중,12,2003,0
270,2003-01,2025-12,좌측절단,운영중,12,2003,0
271,2003-01,2025-12,좌측절단,운영중,12,2003,0
272,2003-01,2025-12,좌측절단,운영중,12,2003,0
273,2003-01,2025-12,좌측절단,운영중,12,2003,0
274,2003-01,2025-12,좌측절단,운영중,12,2003,0
275,2003-01,2025-12,좌측절단,운영중,12,2003,0
276,2003-01,2025-12,좌측절단,운영중,12,2003,0
277,2003-01,2025-12,좌측절단,운영중,12,2003,0
278,2003-01,2025-12,좌측절단,운영중,12,2003,0
279,2003-01,2025-12,좌측절단,운영중,12,2003,0
280,2003-01,2025-12,좌측절단,운영중,12,2003,0
281,2003-01,2025-12,좌측절단,운영중,12,2003,0
282,2003-01,2025-12,좌측절단,운영중,12,2003,0
283,2003-01,2025-12,좌측절단,운영중,12,2003,0
284,2003-01,2025-12,좌측절단,운영중,12,2003,0
285,2003-01,2025-12,좌측절단,운영중,12,2003,0
286,2011-12,2025-12,개통,운영중,1,2012,2
287,2003-01,2025-12,좌측절단,운영중,12,2003,0
288,2003-01,2025-12,좌측절단,운영중,12,2003,0
289,2003-01,2025-12,좌측절단,운영중,12,2003,0
290,2003-01,2025-12,좌측절단,운영중,12,2003,0
291,2003-01,2025-12,좌측절단,운영중,12,2003,0
292,2003-01,2025-12,좌측절단,운영중,12,2003,0
293,2003-01,2025-12,좌측절단,운영중,12,2003,0
294,2003-01,2025-12,좌측절단,운영중,12,2003,0
295,2003-01,2025-12,좌측절단,운영중,12,2003,0
296,2003-01,2025-12,좌측절단,운영중,12,2003,0
297,2014-10,2025-12,개통,운영중,3,2015,0
298,2003-01,2025-12,좌측절단,운영중,12,2003,0
299,2003-01,2025-12,좌측절단,운영중,12,2003,0
324,2025-11,2025-12,개통,운영중,2,2026,0
325,2025-11,2025-12,개통,운영중,2,2026,0
326,2025-11,2025-12,개통,운영중,2,2026,0
331,2025-11,2025-12,개통,운영중,2,2026,0
332,2025-11,2025-12,개통,운영중,2,2026,0
333,2025-11,2025-12,개통,운영중,2,2026,0
500,2013-06,2025-12,개통,운영중,7,2014,0
501,2003-01,2025-12,좌측절단,운영중,12,2003,0
502,2003-01,2025-12,좌측절단,운영중,12,2003,0
503,2003-01,2025-12,좌측절단,운영중,12,2003,0
504,2003-01,2025-12,좌측절단,운영중,12,2003,0
505,2003-01,2025-12,좌측절단,운영중,12,2003,0
506,2003-01,2025-12,좌측절단,운영중,12,2003,0
507,2003-01,2025-12,좌측절단,운영중,12,2003,0
508,2003-01,2025-12,좌측절단,운영중,12,2003,0
509,2003-01,2025-12,좌측절단,운영중,12,2003,0
510,2012-12,2025-12,개통,운영중,1,2013,0
511,2003-09,2025-12,개통,운영중,4,2004,0
512,2005-12,2025-12,개통,운영중,1,2006,0
513,2005-12,2025-12,개통,운영중,1,2006,0
514,2005-12,2025-12,개통,운영중,1,2006,0
515,2005-12,2025-12,개통,운영중,1,2006,0
516,2005-12,2025-12,개통,운영중,1,2006,0
517,2012-12,2025-12,개통,운영중,1,2013,0
518,2009-12,2025-12,개통,운영중,1,2010,0
519,2010-07,2025-12,개통,운영중,5,2011,0
520,2009-10,2025-12,개통,운영중,3,2010,0
521,2003-01,2025-12,좌측절단,운영중,12,2003,0
522,2003-01,2025-12,좌측절단,운영중,12,2003,0
523,2003-01,2025-12,좌측절단,운영중,12,2003,0
524,2004-12,2025-12,개통,운영중,1,2005,0
525,2004-12,2025-12,개통,운영중,1,2005,0
526,2004-12,2025-12,개통,운영중,1,2005,0
527,2004-12,2025-12,개통,운영중,1,2005,0
528,2008-01,2025-12,개통,운영중,12,2008,0
529,2005-11,2025-12,개통,운영중,2,2006,0
530,2003-01,2025-12,좌측절단,운영중,12,2003,0
531,2007-11,2025-12,개통,운영중,2,2008,0
532,2007-11,2025-12,개통,운영중,2,2008,0
533,2007-11,2025-12,개통,운영중,2,2008,0
534,2007-11,2025-12,개통,운영중,2,2008,0
535,2007-11,2025-12,개통,운영중,2,2008,0
536,2007-11,2025-12,개통,운영중,2,2008,0
537,2007-11,2025-12,개통,운영중,2,2008,0
538,2007-11,2025-12,개통,운영중,2,2008,0
539,2007-11,2025-12,개통,운영중,2,2008,0
540,2003-01,2025-12,좌측절단,운영중,12,2003,0
541,2003-01,2025-12,좌측절단,운영중,12,2003,0
542,2003-01,2025-12,좌측절단,운영중,12,2003,0
543,2007-08,2025-12,개통,운영중,5,2008,0
544,2007-12,2025-12,개통,운영중,1,2008,0
545,2007-12,2025-12,개통,운영중,1,2008,0
546,2007-12,2025-12,개통,운영중,1,2008,0
547,2007-11,2025-12,개통,운영중,2,2008,0
548,2007-11,2025-12,개통,운영중,2,2008,0
549,2007-11,2025-12,개통,운영중,2,2008,0
550,2007-11,2025-12,개통,운영중,2,2008,0
551,2007-11,2025-12,개통,운영중,2,2008,0
552,2009-09,2025-12,개통,운영중,4,2010,0
553,2008-05,2025-12,개통,운영중,8,2009,0
554,2009-10,2025-12,개통,운영중,3,2010,0
555,2009-07,2025-12,개통,운영중,6,2010,0
556,2011-04,2025-12,개통,운영중,9,2012,0
557,2011-01,2025-12,개통,운영중,12,2011,0
558,2011-01,2025-12,개통,운영중,12,2011,0
559,2010-12,2025-12,개통,운영중,1,2011,0
560,2003-01,2025-12,좌측절단,운영중,12,2003,0
561,2003-01,2025-12,좌측절단,운영중,12,2003,0
562,2003-01,2025-12,좌측절단,운영중,12,2003,0
563,2004-07,2025-12,판정보류,운영중,6,2005,0
564,2004-12,2025-12,개통,운영중,1,2005,0
565,2004-12,2025-12,개통,운영중,1,2005,0
566,2004-12,2025-12,개통,운영중,1,2005,0
567,2009-10,2025-12,개통,운영중,3,2010,0
568,2007-12,2025-12,개통,운영중,1,2008,0
569,2008-01,2025-12,개통,운영중,12,2008,0
570,2004-01,2025-12,개통,운영중,11,2005,0
571,2009-05,2025-12,개통,운영중,8,2010,0
572,2009-05,2025-12,개통,운영중,8,2010,0
573,2009-05,2025-12,개통,운영중,8,2010,0
574,2009-05,2025-12,개통,운영중,8,2010,0
575,2009-05,2025-12,개통,운영중,8,2010,0
576,2009-08,2025-12,개통,운영중,5,2010,0
577,2009-05,2025-12,개통,운영중,8,2010,0
578,2009-05,2025-12,개통,운영중,8,2010,0
579,2009-12,2025-12,개통,운영중,1,2010,0
580,2004-11,2025-12,개통,운영중,2,2005,0
581,2004-11,2025-12,개통,운영중,2,2005,0
582,2004-11,2025-12,개통,운영중,2,2005,0
583,2004-11,2025-12,개통,운영중,2,2005,0
584,2007-12,2025-12,개통,운영중,1,2008,0
585,2009-11,2025-12,개통,운영중,2,2010,0
586,2011-12,2025-12,개통,운영중,1,2012,0
587,2010-12,2025-12,개통,운영중,1,2011,0
588,2010-12,2025-12,개통,운영중,1,2011,0
589,2010-12,2025-12,개통,운영중,1,2011,0
590,2010-12,2025-12,개통,운영중,1,2011,0
591,2009-05,2025-12,개통,운영중,8,2010,0
592,2009-05,2025-12,개통,운영중,8,2010,0
593,2009-05,2025-12,개통,운영중,8,2010,0
594,2009-05,2025-12,개통,운영중,8,2010,0
595,2009-05,2025-12,개통,운영중,8,2010,0
596,2014-10,2025-12,개통,운영중,3,2015,0
597,2010-09,2025-12,개통,운영중,3,2011,0
598,2010-09,2025-12,개통,운영중,3,2011,0
599,2012-07,2025-12,개통,운영중,6,2013,0
601,2003-01,2025-12,좌측절단,운영중,12,2003,0
602,2003-01,2025-12,좌측절단,운영중,12,2003,0
603,2003-01,2025-12,좌측절단,운영중,12,2003,0
604,2003-01,2025-12,좌측절단,운영중,12,2003,0
605,2003-01,2025-12,좌측절단,운영중,12,2003,0
606,2003-01,2025-12,좌측절단,운영중,12,2003,0
607,2003-01,2025-12,좌측절단,운영중,12,2003,0
608,2003-01,2025-12,좌측절단,운영중,12,2003,0
612,2009-05,2025-12,개통,운영중,8,2010,0
613,2014-07,2025-12,개통,운영중,6,2015,0
618,2009-05,2025-12,개통,운영중,8,2010,0
621,2006-01,2025-12,개통,운영중,12,2006,0
622,2006-01,2025-12,개통,운영중,12,2006,0
623,2006-01,2025-12,개통,운영중,12,2006,0
624,2006-01,2025-12,개통,운영중,12,2006,0
625,2006-01,2025-12,개통,운영중,12,2006,0
626,2006-01,2025-12,개통,운영중,12,2006,0
627,2006-01,2025-12,개통,운영중,12,2006,0
628,2006-01,2025-12,개통,운영중,12,2006,0
629,2006-01,2025-12,개통,운영중,12,2006,0
641,2008-12,2025-12,개통,운영중,1,2009,0
642,2008-12,2025-12,개통,운영중,1,2009,0
643,2008-12,2025-12,개통,운영중,1,2009,0
644,2008-12,2025-12,개통,운영중,1,2009,0
645,2008-12,2025-12,개통,운영중,1,2009,0
646,2008-12,2025-12,개통,운영중,1,2009,0
647,2008-12,2025-12,개통,운영중,1,2009,0
648,2008-12,2025-12,개통,운영중,1,2009,0
651,2009-07,2025-12,개통,운영중,6,2010,0
652,2009-07,2025-12,개통,운영중,6,2010,0
653,2009-07,2025-12,개통,운영중,6,2010,0
654,2009-07,2025-12,개통,운영중,6,2010,0
655,2009-07,2025-12,개통,운영중,6,2010,0
656,2009-07,2025-12,개통,운영중,6,2010,0
657,2009-07,2025-12,개통,운영중,6,2010,0
658,2009-07,2025-12,개통,운영중,6,2010,0
671,2009-10,2025-12,개통,운영중,3,2010,0
672,2009-10,2025-12,개통,운영중,3,2010,0
673,2009-10,2025-12,개통,운영중,3,2010,0
674,2009-10,2016-11,개통,폐쇄,3,2010,0
675,2009-10,2025-12,개통,운영중,3,2010,0
676,2009-10,2025-12,개통,운영중,3,2010,0
677,2009-10,2025-12,개통,운영중,3,2010,0
681,2013-03,2025-12,개통,운영중,10,2014,51
682,2013-03,2025-12,개통,운영중,10,2014,0
683,2013-03,2025-12,개통,운영중,10,2014,0
684,2013-03,2025-12,개통,운영중,10,2014,0
685,2013-03,2025-12,개통,운영중,10,2014,0
691,2016-05,2016-10,개통,폐쇄,6,2017,0
692,2016-05,2016-10,개통,폐쇄,6,2017,0
693,2016-05,2016-10,개통,폐쇄,6,2017,0
694,2016-05,2016-10,개통,폐쇄,6,2017,0
695,2016-05,2016-10,개통,폐쇄,6,2017,0
700,2025-06,2025-12,개통,운영중,7,2026,0
701,2016-11,2025-12,개통,운영중,2,2017,0
702,2016-11,2025-12,개통,운영중,2,2017,0
703,2016-09,2025-12,개통,운영중,4,2017,0
704,2016-09,2025-12,개통,운영중,4,2017,0
705,2015-12,2025-12,개통,운영중,1,2016,0
706,2015-12,2025-12,개통,운영중,1,2016,0
707,2015-12,2025-12,개통,운영중,1,2016,0
708,2015-12,2025-12,개통,운영중,1,2016,0
709,2024-12,2025-12,개통,운영중,1,2025,0
710,2020-12,2025-12,개통,운영중,1,2021,0
711,2021-12,2025-12,개통,운영중,1,2022,0
712,2016-12,2025-12,개통,운영중,1,2017,0
713,2016-12,2025-12,개통,운영중,1,2017,0
714,2016-12,2025-12,개통,운영중,1,2017,0
715,2016-12,2025-12,개통,운영중,1,2017,0
716,2016-12,2025-12,개통,운영중,1,2017,0
717,2025-05,2025-12,개통,운영중,8,2026,0
718,2022-12,2025-12,개통,운영중,1,2023,0
719,2022-12,2025-12,개통,운영중,1,2023,0
720,2020-12,2025-12,개통,운영중,1,2021,0
721,2024-10,2025-12,개통,운영중,3,2025,0
722,2017-06,2025-12,개통,운영중,7,2018,0
723,2021-12,2025-12,개통,운영중,1,2022,0
724,2020-10,2025-12,개통,운영중,3,2021,0
725,2018-12,2025-12,개통,운영중,1,2019,0
726,2023-09,2025-12,개통,운영중,4,2024,0
727,2023-09,2025-12,개통,운영중,4,2024,0
728,2023-09,2025-12,개통,운영중,4,2024,0
729,2017-12,2025-12,개통,운영중,1,2018,0
730,2018-03,2025-12,개통,운영중,10,2019,0
731,2018-05,2025-12,개통,운영중,8,2019,0
732,2017-02,2025-12,개통,운영중,11,2018,0
733,2016-12,2025-12,개통,운영중,1,2017,0
734,2016-12,2025-12,개통,운영중,1,2017,0
735,2016-12,2025-12,개통,운영중,1,2017,0
736,2016-12,2025-12,개통,운영중,1,2017,0
737,2024-12,2025-12,개통,운영중,1,2025,0
738,2024-12,2025-12,개통,운영중,1,2025,0
739,2024-12,2025-12,개통,운영중,1,2025,0
740,2024-02,2025-12,개통,운영중,11,2025,0
741,2018-06,2025-12,개통,운영중,7,2019,0
742,2022-06,2025-12,개통,운영중,7,2023,0
743,2023-09,2025-12,개통,운영중,4,2024,0
746,2018-04,2025-12,개통,운영중,9,2019,0
747,2015-12,2025-12,개통,운영중,1,2016,0
748,2016-12,2025-12,개통,운영중,1,2017,0
749,2016-12,2025-12,개통,운영중,1,2017,0
750,2017-12,2025-12,개통,운영중,1,2018,0
751,2017-12,2025-12,개통,운영중,1,2018,0
752,2017-12,2025-12,개통,운영중,1,2018,0
753,2017-12,2025-12,개통,운영중,1,2018,0
754,2018-02,2025-12,개통,운영중,11,2019,0
755,2018-02,2025-12,개통,운영중,11,2019,0
756,2019-07,2025-12,개통,운영중,6,2020,0
757,2018-02,2025-12,개통,운영중,11,2019,0
758,2018-08,2025-12,개통,운영중,5,2019,0
759,2025-01,2025-12,개통,운영중,12,2025,0
760,2017-12,2025-12,개통,운영중,1,2018,0
762,2019-12,2025-12,개통,운영중,1,2020,0
763,2023-05,2025-12,개통,운영중,8,2024,0
764,2023-05,2025-12,개통,운영중,8,2024,0
765,2017-06,2025-12,개통,운영중,7,2018,0
766,2017-06,2025-12,개통,운영중,7,2018,0
767,2017-12,2025-12,개통,운영중,1,2018,0
768,2017-06,2025-12,개통,운영중,7,2018,0
770,2020-12,2025-12,개통,운영중,1,2021,0
771,2020-12,2025-12,개통,운영중,1,2021,0
772,2022-03,2025-12,개통,운영중,10,2023,0
773,2022-03,2025-12,개통,운영중,10,2023,0
774,2022-03,2025-12,개통,운영중,10,2023,0
775,2022-03,2025-12,개통,운영중,10,2023,0
776,2022-03,2025-12,개통,운영중,10,2023,0
777,2022-03,2025-12,개통,운영중,10,2023,0
778,2022-03,2025-12,개통,운영중,10,2023,0
779,2022-03,2025-12,개통,운영중,10,2023,0
780,2020-12,2025-12,개통,운영중,1,2021,0
781,2025-01,2025-12,개통,운영중,12,2025,0
782,2025-01,2025-12,개통,운영중,12,2025,0
783,2025-12,2025-12,개통,운영중,1,2026,0
785,2024-12,2025-12,개통,운영중,1,2025,0
786,2025-01,2025-12,개통,운영중,12,2025,0
787,2025-01,2025-12,개통,운영중,12,2025,0
788,2025-01,2025-12,개통,운영중,12,2025,0
789,2025-01,2025-12,개통,운영중,12,2025,0
790,2024-02,2025-12,개통,운영중,11,2025,0
791,2024-11,2025-12,개통,운영중,2,2025,0
795,2025-01,2025-12,개통,운영중,12,2025,0
796,2017-09,2017-09,개통,폐쇄,1,2018,0
797,2025-10,2025-12,개통,운영중,3,2026,0
798,2024-01,2025-12,개통,운영중,12,2024,0
799,2025-01,2025-12,개통,운영중,12,2025,0
876,2019-09,2025-12,개통,운영중,4,2020,0
981,2012-04,2025-12,개통,운영중,9,2013,0
982,2012-04,2025-12,개통,운영중,9,2013,0
983,2012-04,2025-12,개통,운영중,9,2013,0
984,2012-04,2025-12,개통,운영중,9,2013,0
985,2012-04,2025-12,개통,운영중,9,2013,0
986,2013-01,2025-12,개통,운영중,12,2013,0
987,2012-04,2025-12,개통,운영중,9,2013,0
