bizNm,ctpvNm,sggNm,lctnRoadNmAddr,lctnLotnoAddr,lat,lot,bizBgngYm,bizEndYm,telno,bizDvlrNm,actcHhCnt,bzar,bizMthSeNm,dataCrtrYmd,insttCode,insttNm
태평3지구,경기도,여주시,,경기도 여주시 가남읍 태평리 산43-1,37.20924483,127.5371332,2025-03,,031-634-6461,태평3지구 도시개발사업조합,644,,환지,2025-12-22,5700000,경기도 여주시
여흥지구,경기도,여주시,,경기도 여주시 홍문동 274-6,37.29034759,127.6356027,1982-02,1996-08,031-887-3016,여주시,,,환지,2025-12-22,5700000,경기도 여주시
하리지구,경기도,여주시,,경기도 여주시 하동 303,37.29618024,127.6311287,2025-01,2025-02,031-887-3016,여주시,51,,환지,2025-12-22,5700000,경기도 여주시
천송2지구,경기도,여주시,,경기도 여주시 천송동 490-4,37.30229229,127.6483868,2025-12,2025-12,031-887-3016,여주시,,,환지,2025-12-22,5700000,경기도 여주시
하리1지구,경기도,여주시,,경기도 여주시 하동 62-1,37.30031398,127.6241642,2025-04,2025-10,031-887-3016,여주시,263,,환지,2025-12-22,5700000,경기도 여주시
법무지구,경기도,여주시,,경기도 여주시 현암동 616-1,37.31267655,127.6321946,2025-04,2025-12,031-887-3016,여주시,80,,환지,2025-12-22,5700000,경기도 여주시
하리2지구,경기도,여주시,,경기도 여주시 하동 50-2,37.30129163,127.6223048,2025-04,2025-07,031-887-3016,여주시,104,,환지,2025-12-22,5700000,경기도 여주시
청안지구,경기도,여주시,,경기도 여주시 점동면 청안리 136-1,37.2045925,127.6606799,2025-05,2025-02,031-887-3016,여주시,115,,환지,2025-12-22,5700000,경기도 여주시
오학천송지구,경기도,여주시,,경기도 여주시 오학동 409,37.30547297,127.645351,2025-06,2025-07,031-887-3016,여주시,277,,환지,2025-12-22,5700000,경기도 여주시
신방구룡구역 도시개발사업,충청남도,천안시 동남구,충청남도 천안시 동남구 풍세로 592-7 (신방동),충청남도 천안시 동남구 신방동 246-1,36.76531109,127.1314679,2023-01,2028-12,02-404-4757,천안 신방구룡구역 도시개발사업조합,3661,354491,환지,2026-01-22,4490000,충청남도 천안시
업성2구역 도시개발사업,충청남도,천안시 서북구,,충청남도 천안시 서북구 업성동 369-15,36.853567,127.133745,2023-01,2028-12,070-4470-7292,업성개발피에프브이,1267,94992,수용,2026-01-22,4490000,충청남도 천안시
부대1구역 도시개발사업,충청남도,천안시 서북구,충청남도 천안시 서북구 과수원길 60 (부대동),충청남도 천안시 서북구 부대동 407-8,36.84520371,127.1431672,2023-01,2026-12,053-768-6600,씨더블유제이,1222,131559,수용,2026-01-22,4490000,충청남도 천안시
성거소우구역 도시개발사업,충청남도,천안시 서북구,,충청남도 천안시 서북구 성거읍 소우리 산 14,36.866980,127.178540,2023-01,2027-12,02-3487-5931,두양종합건설,8284,973725.9,수용,2026-01-22,4490000,충청남도 천안시
용현·학익 2-2블록 인하대역(1구역) 도시개발사업,인천광역시,미추홀구,,"인천광역시 미추홀구 용현동 604-7, 일원",37.4454259909,126.6472476257,2022-07,,000-000-0000,아이월드 주식회사,1199,97932,수용,2025-01-05,3510500,인천광역시 미추홀구
연천 옥산지구 도시개발사업,경기도,연천군,경기도 연천군 연천읍 차옥로 149,경기도 연천군 연천읍 옥산리 860,38.10459127,127.0795298,2012-01,2023-01,031-839-2401,연천군,639,45026,수용,2025-12-12,4140000,경기도 연천군
용현·학익 1블록 도시개발사업,인천광역시,미추홀구,,"인천광역시 미추홀구 학익동 587-1, 일원",37.4423824379,126.651321,2009-06,,000-000-0000,주식회사 디씨알이,13149,1546747,수용,2025-01-05,3510500,인천광역시 미추홀구
미장지구 도시개발사업,전북특별자치도,군산시,전북특별자치도 군산시 미장안길 45,전북특별자치도 군산시 미장동 484,35.968071,126.7247449,2011-12,2016-12,063-454-3662,현대건설㈜+㈜신성건설,,864285,환지,2025-12-16,4671000,전북특별자치도 군산시
진주 초전신도심(1단계) 도시개발사업,경상남도,진주시,경상남도 진주시 초전북로 129-27,경상남도 진주시 초전동 360-1,35.21121743,128.1201452,2022-12,2025-12,055-749-8935,경남개발공사,0,68100,수용,2025-12-15,5310000,경상남도 진주시
진주 판문지구 도시개발사업,경상남도,진주시,,경상남도 진주시 판문동 241-1번지,35.17197669,128.0426124,2022-12,2026-12,055-749-8873,디아이개발㈜,1278,88412,수용,2025-12-15,5310000,경상남도 진주시
진주 도동지구 도시개발사업,경상남도,진주시,,경상남도 진주시 초전동 549번지,35.20076067,128.1202284,2022-12,2028-12,055-749-8873,진주 도동지구 도시개발사업 조합 조합장 박수복,4042,565505,환지,2025-12-15,5310000,경상남도 진주시
진주 초전남부1지구 도시개발사업,경상남도,진주시,,경상남도 진주시 초전동 382번지,35.19799138,128.1220802,2022-12,2028-12,055-749-8873,초전남부1지구 도시개발사업 조합 조합장 박용주,3001,413819,환지,2025-12-15,5310000,경상남도 진주시
진주 여객자동차터미널,경상남도,진주시,경상남도 진주시 동부로 18-4,경상남도 진주시 가좌동 606-2,35.15932256,128.1096511,2019-12,2025-12,055-749-8946,에스티에스개발㈜,1038,86728,수용,2025-12-15,5310000,경상남도 진주시
용현·학익 2-2블록 인하대역(2구역) 도시개발사업,인천광역시,미추홀구,,"인천광역시 미추홀구 용현동 604-110, 일원",37.4461323784,126.6492244385,2024-04,,000-000-0000,인하대역 도시개발사업조합,1025,30253,환지,2025-01-05,3510500,인천광역시 미추홀구
문학구역 도시개발사업,인천광역시,미추홀구,,"인천광역시 미추홀구 문학동 141-1, 일원",37.4360519894,126.680889,2011-12,,000-000-0000,문학구역 도시개발사업조합,992,81250,환지,2025-01-05,3510500,인천광역시 미추홀구
진안 월랑지구 도시개발사업,전북특별자치도,진안군,,전북특별자치도 진안군 진안읍 군상리 90-456,35.79589256,127.431406,2026-01,2029-12,063-280-7447,전북개발공사,,99472,,2025-12-12,4731000,전북특별자치도 진안군
역재방죽지구 도시개발사업,충청남도,홍성군,충청남도 홍성군 홍성읍 충절로 953번길 56,충청남도 홍성군 홍성읍 고암리 668,36.59192375,126.669897,2016-12,2018-12,041-630-1854,홍성군수,672,46257,환지,2025-12-09,4600000,충청남도 홍성군
옥암지구 도시개발사업,충청남도,홍성군,충청남도 홍성군 홍성읍 온천1길 일원,충청남도 홍성군 홍성읍 옥암리 1149번지 일원,36.5914965,126.6481409,2013-12,2016-12,041-630-1854,홍성군수,769,236928,환지,2025-12-09,4600000,충청남도 홍성군
홍성역세권 도시개발사업,충청남도,홍성군,충청남도 홍성군 홍성읍 고암리 역전1길,충청남도 홍성군 홍성읍 고암리 445-1번지 일원,36.5991895,126.6788679,2020-12,2024-12,041-630-1854,홍성군수,162,154810.2,환지,2025-12-09,4600000,충청남도 홍성군
홍성 월산지구 도시개발사업,충청남도,홍성군,충청남도 홍성군 홍성읍 월산로 16,충청남도 홍성군 홍성읍 월산리 906번지 일원,36.5986645,126.6517135,2021-12,2025-12,041-630-1854,홍성군수,470,31370.1,수용,2025-12-09,4600000,충청남도 홍성군
성성5구역 도시개발사업,충청남도,천안시 서북구,,충청남도 천안시 서북구 성성동 34-4,36.843163,127.141743,2022-12,2027-12,053-766-8585,신한자산신탁,1126,99505,수용,2026-01-22,4490000,충청남도 천안시
업성구역 도시개발사업,충청남도,천안시 서북구,충청남도 천안시 서북구 성성2길 120 (업성동),충청남도 천안시 서북구 업성동 465-4,36.8499592,127.130896,2022-12,2027-12,070-8632-4187,숲이랑코퍼레이션,1763,146194.7,수용,2026-01-22,4490000,충청남도 천안시
성성8구역 도시개발사업,충청남도,천안시 서북구,충청남도 천안시 서북구 공단로 78-65 (성성동),충청남도 천안시 서북구 성성동 287-3,36.84856994,127.1251507,2023-01,2026-12,041-523-7706,천안 성성8구역 도시개발사업조합,1104,75858.7,환지,2026-01-22,4490000,충청남도 천안시
성성7구역 도시개발사업,충청남도,천안시 서북구,충청남도 천안시 서북구 공단로 89 (성성동),충청남도 천안시 서북구 성성동 366-3,36.8446302,127.1240502,2023-01,2026-12,02-6959-6783,천안성성동피에프브이,554,41544,수용,2026-01-22,4490000,충청남도 천안시
부대2구역 도시개발사업,충청남도,천안시 서북구,충청남도 천안시 서북구 과수원길 14 (부대동),충청남도 천안시 서북구 부대동 416-1,36.84120639,127.145948,2024-12,2026-12,041-552-2017,천안 부대2구역 도시개발사업조합,1558,125727.8,환지,2026-01-22,4490000,충청남도 천안시
청당새텃말구역 도시개발사업,충청남도,천안시 동남구,충청남도 천안시 동남구 청당3길 35 (청당동),충청남도 천안시 동남구 청당동 310-28,36.77557703,127.1476285,2008-12,2028-12,041-902-2241,청암프로젝트+두산건설,1202,89049,수용,2026-01-22,4490000,충청남도 천안시
역삼구역 도시개발사업,경기도,용인시,,경기도 용인시 처인구 역북동 363,37.23986168,127.1835446,2009-08,,031-337-3972,용인 역삼구역 도시개발사업조합,5256,691604,환지,2025-12-05,4050000,경기도 용인시
동천2지구 도시개발사업,경기도,용인시,경기도 용인시 수지구 고기로 87,경기도 용인시 수지구 동천동 143-1,37.34479499,127.092856,2013-10,,031-264-3573,동천2지구 도시개발사업조합,2993,334738,환지,2025-12-05,4050000,경기도 용인시
동천3지구 도시개발사업,경기도,용인시,경기도 용인시 수지구 수풍로 89,경기도 용인시 수지구 동천동 산151-2,37.33305828,127.0906135,2013-08,,031-776-7900,용인 동천3지구 도시개발사업조합,906,60346,환지,2025-12-05,4050000,경기도 용인시
삼가3지구 도시개발사업,경기도,용인시,,경기도 용인시 처인구 삼가동 71-2,37.25042909,127.1699489,2022-10,,031-214-7686,용인 삼가3지구 도시개발사업조합,758,49196,환지,2025-12-05,4050000,경기도 용인시
고림2지구 도시개발사업,경기도,용인시,,경기도 용인시 처인구 고림동 620,37.25039558,127.221129,2019-01,,031-323-2588,용인 고림2지구 도시개발사업조합,350,35042,환지,2025-12-05,4050000,경기도 용인시
역북2지구 도시개발사업,경기도,용인시,,경기도 용인시 처인구 역북동 89-13,37.25150296,127.1941551,2017-01,,031-336-1254,역북지역주택조합,912,56352,수용,2025-12-05,4050000,경기도 용인시
상현4지구 도시개발사업,경기도,용인시,,경기도 용인시 수지구 상현동 414-7,37.30093249,127.0631244,2022-03,,031-548-1319,조욱래외1,0,114410,수용,2025-12-05,4050000,경기도 용인시
모현(왕산)지구 도시개발사업,경기도,용인시,,경기도 용인시 처인구 모현읍 왕산리 산25,37.34498461,127.2543226,2010-09,2024-11,031-711-9286,용인 모현왕산 도시개발사업조합,3750,364232,환지,2025-12-05,4050000,경기도 용인시
양지2지구 도시개발사업,경기도,용인시,,경기도 용인시 처인구 양지면 양지리 492-3,37.23165173,127.2899764,2023-07,,031-8081-2658,용인 양지2지구 도시개발사업조합,710,52719,환지,2025-12-05,4050000,경기도 용인시
이동(송전) 도시개발사업,경기도,용인시,,경기도 용인시 처인구 이동읍 송전리 965,37.13864497,127.1941058,2008-12,,02-546-0488,용인 이동(송전) 도시개발사업조합,1796,154020,환지,2025-12-05,4050000,경기도 용인시
고림3지구 도시개발사업,경기도,용인시,,경기도 용인시 처인구 고림동 817,37.2347214,127.2221311,2023-07,,031-338-2340,가칭)용인 고림3지구 도시개발사업조합,377,28513,환지,2025-12-05,4050000,경기도 용인시
역북4지구 도시개발사업,경기도,용인시,,경기도 용인시 처인구 역북동 89-18,37.24836795,127.192006,2024-11,,031-322-0041,용인 역북4지구 도시개발사업조합,944,56567,환지,2025-12-05,4050000,경기도 용인시
송전3지구 도시개발사업,경기도,용인시,,경기도 용인시 처인구 이동읍 송전리 801번지,37.14408197,127.1958794,2024-09,,02-403-8824,송전3지구 도시개발사업 조합,1284,87301,환지,2025-12-05,4050000,경기도 용인시
충주 안림지구 도시개발사업,충청북도,충주시,,충청북도 충주시 안림동 1069번지,36.97211897,127.9489351,2019-02,,043-857-7311,한국토지주택공사,,,환지,2025-11-30,4390000,충청북도 충주시
춘천 학곡지구 도시개발사업,강원특별자치도,춘천시,,강원특별자치도 춘천시 동내면 학곡리 860번지,37.841200,127.758700,2010-12,2025-12,000-0000-0000,춘천학곡도시개발 주식회사,2752,3203763,수용,2025-11-17,4181000,강원특별자치도 춘천시
춘천 다원지구 도시개발사업,강원특별자치도,춘천시,,강원특별자치도 춘천시 거두리 산159번지,37.851900,127.734700,2022-12,2028-12,000-0000-0000,한국토지주택공사,4861,542457,수용,2025-11-17,4181000,강원특별자치도 춘천시
춘천 온의지구 도시개발사업,강원특별자치도,춘천시,,강원특별자치도 춘천시 온의동 산44-1번지,37.869745,127.732815,2008-12,2021-12,000-0000-0000,디에이치씨개발 주식회사,1485,957258,수용,2025-11-17,4181000,강원특별자치도 춘천시
춘천 온의2지구 도시개발사업,강원특별자치도,춘천시,,강원특별자치도 춘천시 온의동 14번지,37.874880,127.722740,2009-12,2012-01,000-0000-0000,춘천도시개발공사,,439824,수용,2025-11-17,4181000,강원특별자치도 춘천시
춘천 삼천지구 도시개발사업,강원특별자치도,춘천시,,강원특별자치도 춘천시 삼천동 44-10번지,37.861280,127.723430,2016-12,2020-12,000-0000-0000,㈜푸른강원건설,965,509452,수용,2025-11-17,4181000,강원특별자치도 춘천시
춘천 퇴계지구 도시개발사업,강원특별자치도,춘천시,,강원특별자치도 춘천시 퇴계동 산25-21번지,37.886348,127.736941,2016-12,2019-12,000-0000-0000,㈜삼아도시개발+대림산업(주),2835,1676488,수용,2025-11-17,4181000,강원특별자치도 춘천시
춘천 석사지구 도시개발사업,강원특별자치도,춘천시,,강원특별자치도 춘천시 석사동 370번지,37.884743,128.626808,2008-12,2019-12,000-0000-0000,춘천시청,,30889,수용,2025-11-17,4181000,강원특별자치도 춘천시
춘천 율문지구 도시개발사업,강원특별자치도,춘천시,,강원특별자치도 춘천시 신북읍 율문리 946번지,37.929800,127.751400,2004-12,2007-12,000-0000-0000,춘천시청,,34975,수용,2025-11-17,4181000,강원특별자치도 춘천시
태전1지구 도시개발사업,대구광역시,북구,,대구광역시 북구 태전동 344-2,35.928546,128.5461903,2012-01,2020-12,053-000-0000,태전1지구 도시개발사업조합장 성영식,,38775.5,환지,2025-12-01,3450000,대구광역시 북구
학정역지구 도시개발사업,대구광역시,북구,,대구광역시 북구 학정동 732-1,35.9542378,128.5577343,2017-01,,053-000-0000,학정역지구 도시개발사업조합장 이용철,,91057,환지,2025-12-01,3450000,대구광역시 북구
이천 아미1지구 도시개발사업,경기도,이천시,,경기도 이천시 부발읍 아미리 633-1,37.255221,127.493953,2025-01,,031-638-7311,아미1지구 도시개발사업조합,706,57237,환지,2025-11-27,4070000,경기도 이천시
부성4구역 도시개발사업,충청남도,천안시 서북구,,충청남도 천안시 서북구 부대동 354-20,36.849713,127.142823,2024-12,2028-12,041-548-9283,성성개발,820,68267.2,수용,2026-01-22,4490000,충청남도 천안시
부성5구역 도시개발사업,충청남도,천안시 서북구,,충청남도 천안시 서북구 성성동 60-31,36.848505,127.140171,2024-12,2028-12,031-205-9100,봄디앤씨,882,93556.3,수용,2026-01-22,4490000,충청남도 천안시
부성6구역 도시개발사업,충청남도,천안시 서북구,,충청남도 천안시 서북구 성성동 37-3,36.84363844,127.1403417,2024-12,2028-12,041-548-9283,김오개발,1066,77132.4,수용,2026-01-22,4490000,충청남도 천안시
용곡눈들구역 도시개발사업,충청남도,천안시 동남구,,충청남도 천안시 동남구 용곡동 295-1,36.78856125,127.143996,2026-12,2029-12,041-521-5659,천안시장,4292,563513,환지,2026-01-22,4490000,충청남도 천안시
성성6구역 도시개발사업,충청남도,천안시 서북구,,충청남도 천안시 서북구 성성동 1-2,36.84200158,127.141483,2025-12,2028-12,02-6202-5169,우리자산신탁,858,69420,수용,2026-01-22,4490000,충청남도 천안시
신방신흥구역 도시개발사업,충청남도,천안시 동남구,,충청남도 천안시 동남구 신방동 625-1,36.77588737,127.1218245,2025-12,2030-12,031-711-4011,신영씨앤디,7594,663906,수용,2026-01-22,4490000,충청남도 천안시
업성3구역 도시개발사업,충청남도,천안시 서북구,,충청남도 천안시 서북구 업성동 364,36.85295454,127.130225,2024-12,2028-12,041-417-5011,천안 업성3구역 도시개발사업조합,2101,148227,환지,2026-01-22,4490000,충청남도 천안시
백석5구역 도시개발사업,충청남도,천안시 서북구,충청남도 천안시 서북구 한들1로 56-13 (백석동),충청남도 천안시 서북구 백석동 94,36.82883388,127.1185891,2015-12,2026-12,041-574-9555,천안 백석5지구 도시개발사업조합,1380,98179,환지,2026-01-22,4490000,충청남도 천안시
목천응원구역 도시개발사업,충청남도,천안시 동남구,,충청남도 천안시 동남구 목천읍 응원리 181,36.765120,127.183734,2019-12,2025-12,041-564-3700,천안목천지역주택조합,1155,142753,수용,2026-01-22,4490000,충청남도 천안시
성거 오색당구역 도시개발사업,충청남도,천안시 서북구,충청남도 천안시 서북구 성거읍 오송1길 58-39,충청남도 천안시 서북구 성거읍 오색당리 57-8,36.88838904,127.2031933,2018-12,2028-12,041-563-5588,우리자산신탁+명재준,963,79131,수용,2026-01-22,4490000,충청남도 천안시
이천 사동3지구 도시개발사업,경기도,이천시,,경기도 이천시 대월면 사동리 358,37.2424922,127.497976,2025-11,,031-636-4280,대월도시개발조합,610,37809,환지,2025-11-27,4070000,경기도 이천시
이천 증포지구 도시개발사업,경기도,이천시,,경기도 이천시 증포동 323-20,37.29277687,127.4506194,2025-11,,031-633-2515,이천 증포지구 도시개발사업조합,568,46811,환지,2025-11-27,4070000,경기도 이천시
이천 사동지구 도시개발사업,경기도,이천시,,경기도 이천시 대월면 사동리 산9-7,37.24755135,127.4994445,2025-02,,02-2008-9114,HDC현대산업개발㈜,248,29800,수용,2025-11-27,4070000,경기도 이천시
이천 송정2지구 도시개발사업,경기도,이천시,,경기도 이천시 송정동 산29-1,37.29534208,127.4372359,2025-03,,02-2058-1193,엘엔에스파트너스㈜,635,53368,수용,2025-11-27,4070000,경기도 이천시
이천 초지지구 도시개발사업,경기도,이천시,,경기도 이천시 대월면 초지리 167-7,37.23482459,127.4965838,2025-09,,031-988-0706,㈜서윤홀딩스디앤씨,663,53067.9,환지,2025-11-27,4070000,경기도 이천시
이천 무촌2지구 도시개발사업,경기도,이천시,,경기도 이천시 부발읍 무촌리 산14-7,37.28144829,127.492998,2025-06,,031-634-2193,부양산업㈜,1956,176667,수용,2025-11-27,4070000,경기도 이천시
이천 증포5지구 도시개발사업,경기도,이천시,,경기도 이천시 증포동 107-2,37.28843036,127.4612525,2025-01,,02-6677-6513,디더블유대원㈜,356,27047,수용,2025-11-27,4070000,경기도 이천시
이천 갈산지구 도시개발사업,경기도,이천시,,경기도 이천시 갈산동 572-1,37.28719003,127.4619408,2025-02,,02-480-3195,일신건영㈜,536,40564,수용,2025-11-27,4070000,경기도 이천시
이천 대흥지구 도시개발사업,경기도,이천시,,경기도 이천시 대월면 대흥리 산44-3,37.23678636,127.4826298,2025-11,,02-2038-4031,㈜바로대흥,1770,175023,수용,2025-11-27,4070000,경기도 이천시
이천 가좌2지구 도시개발사업,경기도,이천시,,경기도 이천시 부발읍 가좌리 70-12,37.25569222,127.4745101,2025-12,,02-6902-9723,㈜무궁화신탁,767,56302,수용,2025-11-27,4070000,경기도 이천시
이천 사동5지구 도시개발사업,경기도,이천시,,경기도 이천시 대월면 사동리 444,37.24243658,127.4851947,2025-04,,031-8027-0701,㈜에스디앤트러스트,821,59802,수용,2025-11-27,4070000,경기도 이천시
이천 대흥2지구 도시개발사업,경기도,이천시,,경기도 이천시 대월면 대흥리 산17,37.2426342663,127.4795111252,2025-03,,031-8011-3849,대흥2지구 도시개발사업조합,666,59647,환지,2025-11-27,4070000,경기도 이천시
이천 신하지구 도시개발사업,경기도,이천시,,경기도 이천시 부발읍 신하리 산13-1,37.2656357197,127.4778881075,2025-06,,02-6256-7800,신영부동산신탁 주식회사,718,58527,수용,2025-11-27,4070000,경기도 이천시
이천 수광지구 도시개발사업,경기도,이천시,,경기도 이천시 신둔면 수광리 392,37.3107971996,127.4003168,2025-07,,02-6933-7633,㈜이천드림허브,1016,59992,수용,2025-11-27,4070000,경기도 이천시
부천종합운동장 일원 도시개발사업,경기도,부천시,경기도 부천시 원미구 소사로 482,경기도 부천시 원미구 춘의동 8,37.50256527,126.7990254,2017-01,2026-12,032-625-4892,부천시장+한국토지주택공사장,1363,490847,수용,2025-10-31,3860000,경기도 부천시
성골지구 도시개발사업,경기도,부천시,경기도 부천시 오정구 소사로 603-31,경기도 부천시 오정구 여월동 81,37.5121405,126.7979625,2021-12,2026-12,032-625-4893,부천시장,805,65353,환지,2025-10-31,3860000,경기도 부천시
대장안동네 도시개발사업,경기도,부천시,경기도 부천시 오정구 대장로 176,경기도 부천시 오정구 대장동 138-5,37.54321639,126.7827049,2026-12,2031-12,032-890-5496,한국토지주택공사장,3432,293172,환지,2025-10-31,3860000,경기도 부천시
오정 군부대 일원 도시개발사업,경기도,부천시,경기도 부천시 오정구 상오정로 143-1,경기도 부천시 오정구오정동 148,37.5253866,126.793522,2019-12,2028-12,032-625-4896,부천시장,4047,445311,,2025-10-31,3860000,경기도 부천시
관양고 주변 도시개발사업,경기도,안양시,경기도 안양시 동안구 일동로107번길 14,경기도 안양시 관양동 642-2,37.409143,126.960486,2019-05,2026-06,031-8045-5212,경기주택도시공사+안양도시공사,7,157081,수용,2025-11-30,3830000,경기도 안양시
인덕원 주변 도시개발사업,경기도,안양시,경기도 안양시 동안구 안양판교로 23,경기도 안양시 동안구 관양동 157,37.4006917056,126.9784975378,2023-04,2027-12,031-8045-5308,안양시+경기주택도시공사+안양도시공사,814,150987.7,수용,2025-11-30,3830000,경기도 안양시
계산종합의료단지 도시개발사업,인천광역시,계양구,,인천광역시 계양구 계산동 산52-11번지 일원,37.542831,126.712005,2016-02,,031-859-6900,김홍용,860,21926,수용,2025-12-06,3550000,인천광역시 계양구
방축구역 도시개발사업,인천광역시,계양구,,인천광역시 계양구 방축동 22번지 일원,37.552819,126.741070,2016-03,,032-541-9000,방축구역 도시개발사업조합,658,84144.3,환지,2025-12-06,3550000,인천광역시 계양구
천왕,서울특별시,구로구,,서울특별시 구로구 천왕동 279-6,37.48559889,126.838253,2024-12,,02-3410-7322,서울주택도시공사,4427,484477.2,,2026-01-05,3160000,서울특별시 구로구
헌인마을 도시개발사업,서울특별시,서초구,서울특별시 서초구 헌릉로 422,서울특별시 서초구 내곡동 374,37.45953713,127.0871329,2007-12,,02-445-7783,헌인마을도시개발사업조합,298,132523,환지,2025-12-22,3210000,서울특별시 서초구
종전부동산 망포지구 도시개발사업,경기도,수원시,,경기도 수원시 영통구 망포동 234,37.2382764182,127.0490368022,2017-02,2026-06,031-5191-3392,한국농어촌공사,2406,218942.5,수용,2026-01-06,3740000,경기도 수원시
종전부동산 이목지구 도시개발사업,경기도,수원시,,경기도 수원시 장안구 이목동 475,37.3067488266,126.9764475642,2017-12,2026-12,031-5191-3392,한국농어촌공사,4270,474021.9,수용,2026-01-06,3740000,경기도 수원시
종전부동산 효행지구 도시개발사업,경기도,수원시,,경기도 수원시 권선구 오목천동 428-1,37.2393268,126.9636121761,2022-08,2030-12,031-5191-3392,한국농어촌공사,3306,1381006.6,수용,2026-01-06,3740000,경기도 수원시
고색지구 도시개발사업,경기도,수원시,,경기도 수원시 권선구 고색동 887-51,37.2525639521,126.9796475058,2012-05,2031-12,031-292-1066,수원 고색지구 도시개발사업조합,5562,248950,환지,2026-01-06,3740000,경기도 수원시
탑동지구 도시개발사업,경기도,수원시,,경기도 수원시 권선구 탑동 540-75,37.2614228256,126.9764937346,2018-05,2028-12,031-369-2932,수원도시공사,0,268818,수용,2026-01-06,3740000,경기도 수원시
양산4지구,경기도,오산시,,경기도 오산시양산동220번지일원,37.198508,127.030065,2001-12,,031-374-7031,오산 양산4지구 도시개발사업조합,1856,187638,환지,2025-12-19,4000000,경기도 오산시
세마2지구,경기도,오산시,,경기도 오산시 세교동66-7번지일원,37.193582,127.038284,2001-12,,031-375-5056,오산 세마2지구 도시개발사업조합,1659,162669,환지,2025-12-19,4000000,경기도 오산시
청호1지구,경기도,오산시,,경기도 오산시 청호동77번지일원,37.127763,127.081555,2001-12,,031-611-3177,오산 청호1지구 도시개발사업조합,2093,205619,환지,2025-12-19,4000000,경기도 오산시
외삼미1지구,경기도,오산시,,경기도 오산시 외삼미동228번지일원,37.196474,127.055584,2001-12,,070-7729-6520,오산 외삼미지구 도시개발조합 추진위원회,1472,116336,환지,2025-12-19,4000000,경기도 오산시
가평 달전지구 도시개발사업,경기도,가평군,경기도 가평군 가평읍 동연재로 30,경기도 가평군 가평읍 달전리 702번지 일원,37.808329,127.521038,2009-11,2015-11,000-000-0000,경기도시공사,154,59934.4,수용,2025-12-24,4160000,경기도 가평군
부성2구역 도시개발사업,충청남도,천안시 서북구,충청남도 천안시 서북구 과수원길 98 (부대동),충청남도 천안시 서북구 부대동 354-23,36.84916667,127.1417522,2024-12,2027-12,041-575-8801,더함도시개발,1290,143965,수용,2026-01-22,4490000,충청남도 천안시
부성3구역 도시개발사업,충청남도,천안시 서북구,,충청남도 천안시 서북구 부대동 394-2,36.846803,127.144771,2024-12,2028-12,02-2008-9528,HDC현대산업개발,899,13330,수용,2026-01-22,4490000,충청남도 천안시
가평 읍내2지구 도시개발사업,경기도,가평군,경기도 가평군 가평읍 석봉로191번길 37 (가평코아루),경기도 가평군 가평읍 읍내리 1053번지 일원,37.830898,127.505420,2018-10,2021-11,000-000-0000,한국토지신탁,221,13726,수용,2025-12-24,4160000,경기도 가평군
가평 경반지구 도시개발사업,경기도,가평군,,경기도 가평군 가평읍 경반리 748번지 일원,37.837324,127.498782,2016-10,2022-05,000-000-0000,국방부(국방시설본부),88,10546,수용,2025-12-24,4160000,경기도 가평군
가평 뮤직빌리지지구 도시개발사업,경기도,가평군,경기도 가평군 가평읍 석봉로 100,경기도 가평군 가평읍 대곡리 693번지 일원,37.826374,127.513042,2016-01,2023-03,000-000-0000,가평군,,36777,수용,2025-12-24,4160000,경기도 가평군
가평 대곡지구 도시개발사업,경기도,가평군,경기도 가평군 가평읍 문화로 167 (e편한세상 가평퍼스트원),경기도 가평군 가평읍 대곡리 694 일원,37.827585,127.505968,2018-10,2023-08,000-000-0000,대한토지신탁㈜,472,26040.5,수용,2025-12-24,4160000,경기도 가평군
가평 대곡2지구 도시개발사업,경기도,가평군,경기도 가평군 가평읍 문화로 91 (가평자이),경기도 가평군 가평읍 대곡리 695 일원,37.820997,127.508295,2019-11,2023-09,000-000-0000,㈜서우도시개발,505,28055,수용,2025-12-24,4160000,경기도 가평군
가평 읍내지구 도시개발사업,경기도,가평군,경기도 가평군 가평읍 가평제방길 233,경기도 가평군 가평읍 읍내리 214번지 일원,37.836788,127.513095,2020-05,2023-11,000-000-0000,㈜테라디에스㈜동우씨엠건설,450,27750.1,환지,2025-12-24,4160000,경기도 가평군
가평 신천2지구 도시개발사업,경기도,가평군,경기도 가평군 설악면 한양부로 27-80,경기도 가평군 설악면 신천리 79 일원,37.681018,127.494937,2018-11,2024-12,000-000-0000,이명주,299,14316,수용,2025-12-24,4160000,경기도 가평군
가평 씨티호반청평지구 도시개발사업,경기도,가평군,,경기도 가평군 청평면 청평리 731-18번지 일원,37.726871,127.411636,2022-02,2026-12,000-000-0000,㈜리버스하임,292,17014,수용,2025-12-24,4160000,경기도 가평군
가평 신천3지구 도시개발사업,경기도,가평군,경기도 가평군 설악면 신천중앙로 107-11,경기도 가평군 설악면 신천리 산45-1번지 일원,37.675115,127.492172,2022-05,2028-12,000-000-0000,동광종합토건㈜,1040,65359,수용,2025-12-24,4160000,경기도 가평군
가평 청평역세권2지구 도시개발사업,경기도,가평군,,경기도 가평군 청평면 청평리 134-58번지 일원,37.731969,127.425157,2022-07,2026-12,000-000-0000,채명숙,401,23469,수용,2025-12-24,4160000,경기도 가평군
가평 청평3지구 도시개발사업,경기도,가평군,경기도 가평군 청평면 골안길 12-10,경기도 가평군 청평면 청평리 산81-18번지 일원,37.745161,127.421628,2022-10,2027-06,000-000-0000,㈜케이아이청평피에프브이,551,29168,수용,2025-12-24,4160000,경기도 가평군
가평 청평2지구 도시개발사업,경기도,가평군,,경기도 가평군 청평면 청평리 산14-1번지 일원,37.731516,127.412916,2022-10,2026-12,000-000-0000,유종표,351,17400,수용,2025-12-24,4160000,경기도 가평군
가평 달전2지구 도시개발사업,경기도,가평군,,경기도 가평군 가평읍 달전리 산40번지 일원,37.811858,127.516605,2022-12,2026-12,000-000-0000,㈜사보이상사,499,28538,수용,2025-12-24,4160000,경기도 가평군
가평 대곡3지구 도시개발사업,경기도,가평군,,경기도 가평군 가평읍 대곡리 산24-6번지 일원,37.827050,127.503386,2023-06,2027-12,000-000-0000,케이비부동산신탁주식회사,499,29251,수용,2025-12-24,4160000,경기도 가평군
가평 신천4지구 도시개발사업,경기도,가평군,,경기도 가평군 설악면 신천리 산64번지 일원,37.670923,127.486192,2023-07,2027-12,000-000-0000,동광종합토건㈜,982,53788,수용,2025-12-24,4160000,경기도 가평군
가평 하색1지구 도시개발사업,경기도,가평군,,경기도 가평군 가평읍 하색리 25번지 일원,37.816258,127.505579,2023-09,2027-12,000-000-0000,㈜청연도시개발,545,29983,수용,2025-12-24,4160000,경기도 가평군
가평 하색2지구 도시개발사업,경기도,가평군,,경기도 가평군 가평읍 하색리 45번지 일원,37.815091,127.503871,2023-09,2027-12,000-000-0000,하색도시개발㈜,554,29984,수용,2025-12-24,4160000,경기도 가평군
가평 달전4지구 도시개발사업,경기도,가평군,,경기도 가평군 가평읍 달전리 494번지 일원,37.809733,127.514541,2024-08,2028-12,000-000-0000,㈜무궁화신탁,492,26518,수용,2025-12-24,4160000,경기도 가평군
차암구역 도시개발사업,충청남도,천안시 서북구,,충청남도 천안시 서북구 차암동 28-5,36.851990,127.1117097,2024-12,2027-12,02-830-7222,신한자산신탁,3996,371445,수용,2026-01-22,4490000,충청남도 천안시
무계지구 도시개발사업,경상남도,김해시,경상남도 김해시 무계로 56(무계동),경상남도 김해시 무계동 79-1 번지,35.20099858,128.8193119,2004-12,2026-12,055-314-4256,장유무계지구 도시개발사업조합,850,80427,환지,2026-01-29,5350000,경상남도 김해시
진례시례지구 도시개발사업,경상남도,김해시,,경상남도 김해시 진례면 시례리 57번지,35.26056658,128.7344826,2008-05,2026-12,055-338-3834,㈜록인김해레스포타운,6300,997352.8,,2026-01-29,5350000,경상남도 김해시
내덕지구 도시개발사업,경상남도,김해시,,경상남도 김해시 내덕동 28-4번지,35.20987443,128.8181996,2013-03,2025-05,055-313-8980,내덕지구 도시개발사업조합,2986,540931.5,환지,2026-01-29,5350000,경상남도 김해시
삼계나전지구 도시개발사업,경상남도,김해시,,경상남도 김해시 생림면 나전리 산162-1번지,35.2921672,128.8667321,2016-10,2026-12,055-330-1422,티케이지태광㈜,2916,254090,수용+환지,2026-01-29,5350000,경상남도 김해시
장유배후 주거복합단지 도시개발사업,경상남도,김해시,,경상남도 김해시 장유동 180번지,35.16490785,128.8346529,2018-01,2026-12,055-320-0462,김해시도시개발공사,180,84738,수용,2026-01-29,5350000,경상남도 김해시
안동1지구 도시개발사업,경상남도,김해시,경상남도 김해시 안동길 11 (안동),경상남도 김해시 안동 360-32,35.23787544,128.9113131,2018-06,2026-12,051-314-4027,㈜성은개발,2780,136720,,2026-01-29,5350000,경상남도 김해시
신문지구 도시개발사업,경상남도,김해시,,경상남도 김해시 신문동 26-8번지,35.18941167,128.8328395,2020-04,2026-12,055-313-0083,장유신문지구 도시개발사업조합,2966,556561,환지,2026-01-29,5350000,경상남도 김해시
신문1지구 도시개발사업,경상남도,김해시,,경상남도 김해시 신문동 374번지,35.19536606,128.8202282,2021-08,2026-12,055-314-3232,신문1지구 도시개발사업조합,2902,619953,환지,2026-01-29,5350000,경상남도 김해시
내동경운지구 도시개발사업,경상남도,김해시,경상남도 김해시 분성로3번길 235-34,경상남도 김해시 내동 243-1,35.24774967,128.8625114,2020-05,2028-12,055-334-3001,㈜한일자동차학원 대표 김덕복,397,28334,,2026-01-29,5350000,경상남도 김해시
부원스마트홈 도시개발사업,경상남도,김해시,,경상남도 김해시 부원동 564-1번지,35.22649958,128.889200,2021-08,2026-12,02-2008-9114,HDC현대산업개발㈜,705,30867,,2026-01-29,5350000,경상남도 김해시
용두지구 도시개발사업,경상남도,김해시,,경상남도 김해시 내덕동 산 64번지,35.20176233,128.8260691,2024-03,2028-12,055-269-0445,경남개발공사+김해시도시개발공사,3793,469483,,2026-01-29,5350000,경상남도 김해시
율하구관동지구 도시개발사업,경상남도,김해시,경상남도 김해시 율하로 316-17 (율하동),경상남도 김해시 율하동 455 번지,35.16814641,128.8105346,2024-08,2029-12,055-269-0444,경남개발공사+김해시도시개발공사,3146,272027,,2026-01-29,5350000,경상남도 김해시
장성지구,충청북도,청주시,,충청북도 청주시 서원구 장성동 143,36.59491069,127.4803081,2023-06,,070-4610-5154,(유)서빈산업개발,,,수용,2025-12-24,5710000,충청북도 청주시
오송역세권지구,충청북도,청주시,,충청북도 청주시 흥덕구 오송읍 오송리 108-5,36.616737,127.3269181,2015-08,,043-230-7801,오송역세권지구도시개발사업조합,,,환지,2025-12-24,5710000,충청북도 청주시
개신2지구,충청북도,청주시,,충청북도 청주시 서원구 개신동 68-1,36.6210545,127.4591262,2020-03,,043-236-8078,개신2지구도시개발사업조합,,,환지,2025-12-24,5710000,충청북도 청주시
강서2지구,충청북도,청주시,,충청북도 청주시 흥덕구 강서동 40-1,36.6255351,127.4233631,2020-05,,043-238-8433,강서2지구지역주택조합,,,수용,2025-12-24,5710000,충청북도 청주시
비하지구,충청북도,청주시,,충청북도 청주시 흥덕구 비하동 422,36.63560936,127.4201326,2009-01,,043-222-7733,청주비하지구도시개발사업조합,,,환지,2025-12-24,5710000,충청북도 청주시
송절1지구,충청북도,청주시,,충청북도 청주시 흥덕구 송절동 151-8,36.6634112,127.4601821,2024-04,,043-285-8587,주식회사 엘리건스,,,수용,2025-12-24,5710000,충청북도 청주시
송절4지구,충청북도,청주시,,충청북도 청주시 흥덕구 송절동 89,36.65974475,127.4627967,2024-12,,044-864-2050,혜움건설 주식회사,,,,2025-12-24,5710000,충청북도 청주시
밀레니엄타운,충청북도,청주시,,충청북도 청주시 청원구 주중동 511-1,36.68375288,127.4797495,2016-12,,043-710-9614,충청북도충북개발공사,,,수용,2025-12-24,5710000,충청북도 청주시
가경서부지구,충청북도,청주시,,충청북도 청주시 흥덕구 강서동 260,36.6126901,127.4242085,2019-04,2025-11,02-2008-9550,HDC현대산업개발㈜,,,수용,2025-12-24,5710000,충청북도 청주시
가경홍골2지구,충청북도,청주시,,충청북도 청주시 흥덕구 가경동 330,36.6153501,127.436406,2021-06,,02-2008-9550,HDC현대산업개발㈜,,,수용,2025-12-24,5710000,충청북도 청주시
가경홍골3지구,충청북도,청주시,,충청북도 청주시 흥덕구 가경동 301,36.61213657,127.4343072,2024-03,,02-2008-9114,HDC현대산업개발㈜,,,수용,2025-12-24,5710000,충청북도 청주시
가경서부2지구,충청북도,청주시,,충청북도 청주시 흥덕구 가경동 701,36.6110425,127.4277029,2024-03,,02-2008-9114,HDC현대산업개발㈜,,,수용,2025-12-24,5710000,충청북도 청주시
분평미평지구,충청북도,청주시,,충청북도 청주시 서원구 분평동 213,36.60583424,127.4846421,2024-05,,043-291-1031,㈜청주글로벌,,,수용,2025-12-24,5710000,충청북도 청주시
옥산오산지구,충청북도,청주시,,충청북도 청주시 흥덕구 옥산면 오산리 350-1,36.6626385,127.3678317,2024-05,,043-260-2500,리산건설㈜,,,수용,2025-12-24,5710000,충청북도 청주시
송절2지구,충청북도,청주시,,충청북도 청주시 흥덕구 송절동 65,36.664457,127.463161,2025-05,,02-528-0475,대한토지신탁㈜,,,수용,2025-12-24,5710000,충청북도 청주시
경서3구역 도시개발사업,인천광역시,서구,,인천광역시 서구 경서동 124-90,37.54866645,126.6512387,2010-08,,032-560-4785,인천광역시 서구청,,3680952,환지,2026-01-15,3561000,인천광역시 서해구
거제 수양지구 도시개발사업,경상남도,거제시,,경상남도 거제시 양정동 543,34.888856,128.6514989016,2018-12,,055-634-3366,거제 수양지구 도시개발사업조합,1190,213160,환지,2026-03-13,5370000,경상남도 거제시
거제 아주(내곡)지구 도시개발사업,경상남도,거제시,,경상남도 거제시 아주동 산127,34.8640561777,128.682580,2019-12,,055-682-2644,디앤피코리아㈜,1220,92778,수용,2026-03-13,5370000,경상남도 거제시
거제 상동2지구 도시개발사업,경상남도,거제시,,경상남도 거제시 상동동 681-2,34.870752583,128.6295248501,2009-12,,055-632-3381,거제 상동2지구 도시개발사업조합,1327,105283,환지,2026-03-13,5370000,경상남도 거제시
거제 장평5지구 도시개발사업,경상남도,거제시,,경상남도 거제시 장평동 산70-3,34.8915353143,128.5975166676,2014-12,,055-635-5700,거제 장평5지구 도시개발사업조합,1124,96393,환지,2026-03-13,5370000,경상남도 거제시
남리지구 도시개발사업,대구광역시,달성군,대구광역시 달성군 논공읍 남리길 1,대구광역시 달성군 논공읍 남리 176-3번지,35.726747,128.435307,2022-10,,053-000-0000,남리지구도시개발사업조합,2600,271530,환지,2026-06-24,3480000,대구광역시 달성군
석수골 역세권 도시개발구역,경기도,안산시,,경기도 안산시 단원구 선부동 산73-1번지 일원,37.34875849,126.8079095,2014-10,2021-05,031-5183-3530,이레일주식회사,2040,73249,수용,2026-05-11,3930000,경기도 안산시
대부남동 흥성지구 도시개발구역,경기도,안산시,,경기도 안산시 단원구 대부남동 1085-12번지 일원,37.22962665,126.5692023,2025-12,2030-12,032-884-1004,㈜더헤븐리조트,1633,207876,수용,2026-05-11,3930000,경기도 안산시
송절3지구,충청북도,청주시,,충청북도 청주시 흥덕구 송절동 산89-1,36.660678,127.458724,2024-12,,043-229-2316,㈜창조종합건설,,,수용,2025-12-24,5710000,충청북도 청주시
미평지구,충청북도,청주시,,충청북도 청주시 서원구 미평동 273-1,36.604779,127.461580,2025-05,,043-286-7402,청주미평지구도시개발사업추진위원회,,,,2025-12-24,5710000,충청북도 청주시
새터지구,충청북도,청주시,,충청북도 청주시 청원구 사천동 225-45,36.669024,127.475445,2025-10,,054-858-7028,㈜세영산업,,,수용,2025-12-24,5710000,충청북도 청주시
효성구역 도시개발사업,인천광역시,계양구,,인천광역시 계양구 효성동 100번지 일원,37.533329,126.706483,2014-02,,032-541-8388,㈜JK도시개발,3998,434922,수용,2025-12-06,3550000,인천광역시 계양구
귤현구역 도시개발사업,인천광역시,계양구,,인천광역시 계양구 귤현동 306번지 일원,37.566413,126.746745,2008-11,2024-04,032-508-7265,귤현구역 도시개발사업조합,1533,182176.3,환지,2025-12-06,3550000,인천광역시 계양구
광주효천1 도시개발사업,광주광역시,남구,광주광역시 남구 효천3로 38,광주광역시 남구 임암동 985,35.1054335,126.8669810,2005-12,2023-03,062-613-1784,한국토지주택공사,,,,2025-12-18,6290000,광주광역시
용산구역 도시개발사업,광주광역시,동구,광주광역시 동구 용산3길 17,,35.1190837,126.9257566,2006-12,2025-12,062-608-4824,한국토지주택공사,,,,2025-12-18,6290000,광주광역시
선교구역 도시개발사업,광주광역시,동구,광주광역시 동구 선교로 38-33,,35.0901282,126.9544616,2017-10,2026-12,062-608-4824,광주광역시 동구청,,,,2025-12-18,6290000,광주광역시
광주 생태문화마을 도시개발사업,광주광역시,북구,,광주광역시 북구 충효동 882,35.1818501,127.0005114,2020-06,2026-12,062-613-4232,광주광역시,,,,2025-12-18,6290000,광주광역시
풍암동 연립주택 구역,광주광역시,서구,,광주광역시 서구 풍암동 산131-2,35.1148128,126.8665502,2011-06,2026-12,062-360-7464,㈜신우주택,,,,2025-12-18,6290000,광주광역시
매월 연립주택 단지,광주광역시,서구,,광주광역시 서구 매월동 산41-3,35.1220824,126.8543579,2021-06,2026-12,062-360-7464,㈜파인이앤씨,,,,2025-12-18,6290000,광주광역시
세하동 연립주택 도시개발사업,광주광역시,서구,,광주광역시 서구 세하동 산9-17,35.1251126,126.8427121,2024-09,2026-12,062-360-7464,유한회사 토르시디,,,,2025-12-18,6290000,광주광역시
양주 가석지구 도시개발사업,경기도,양주시,경기도 양주시 광적면 지섬로198번길 21,경기도 양주시 광적면 가납리 904,37.819764,126.9817826,2025-11,2025-09,031-000-0000,양주 가석지구 도시개발조합,880,185349.6,환지,2025-12-18,5590000,경기도 양주시
양주역세권 개발사업,경기도,양주시,경기도 양주시 평화로 919,경기도 양주시 남방동 52,37.7736548,127.044733,2025-03,,031-841-4143,양주역세권개발피에프브이㈜,3822,646680,수용,2025-12-18,5590000,경기도 양주시
양주 샘내 도시개발사업,경기도,양주시,경기도 양주시 평화로1261번길 18,경기도 양주시 산북동 306-1,37.80406457,127.0446603,2025-06,,070-4770-1166,양주포레스트개발㈜,657,39247,수용,2025-12-18,5590000,경기도 양주시
태평지구,경기도,여주시,,경기도 여주시 가남읍 태평리 785-1,37.20358325,127.5419585,2025-06,2025-01,031-887-3016,여주시,463,,환지,2025-12-22,5700000,경기도 여주시
창동지구,경기도,여주시,,경기도 여주시 창동 175,37.2912151,127.6325399,2025-10,,031-887-3016,여주시,522,,환지,2025-12-22,5700000,경기도 여주시
전천지구,경기도,여주시,,경기도 여주시 가남읍 건장리 149-1,37.20104568,127.5470757,2025-07,,031-887-3016,여주시,25,,환지,2025-12-22,5700000,경기도 여주시
여주역세권,경기도,여주시,,경기도 여주시 교동 654-18,37.28086289,127.6284841,2025-04,2025-04,031-887-3022,여주시,2364,,환지,2025-12-22,5700000,경기도 여주시
능서역세권,경기도,여주시,,경기도 여주시 세종대왕면 신지리 342,37.29648666,127.5769958,2025-02,,031-887-3023,여주시,947,,환지,2025-12-22,5700000,경기도 여주시
현암지구,경기도,여주시,,경기도 여주시 현암동 281­1,37.31182942,127.6350666,2025-04,2025-12,032-426-2201,케이엘개발+대영하우징건설,544,,수용,2025-12-22,5700000,경기도 여주시
교동지구,경기도,여주시,,경기도 여주시 교동 531,37.27789844,127.634510,2025-04,2025-12,031-884-4578,여주교동도시개발사업조합,573,,환지,2025-12-22,5700000,경기도 여주시
교동1지구,경기도,여주시,,경기도 여주시 교동 2­1,37.27685926,127.6406502,2025-07,,031-881-6215,여주교동1지구도시개발사업조합,713,,환지,2025-12-22,5700000,경기도 여주시
교동2지구,경기도,여주시,,경기도 여주시 교동 산9-12,37.27657877,127.6343644,2025-07,2025-04,031-886-8545,여주교동2지구도시개발사업조합,623,,환지,2025-12-22,5700000,경기도 여주시
교동3지구,경기도,여주시,,경기도 여주시 교동 299-7,37.28731352,127.6253558,2025-12,,031-884-3633,교동3지구(향교마을) 도시개발사업조합,411,,환지,2025-12-22,5700000,경기도 여주시
월송지구,경기도,여주시,,경기도 여주시 월송동 53-4,37.29077977,127.6241269,2025-10,,000-0000-0000,월송도시개발사업조합,508,,환지,2025-12-22,5700000,경기도 여주시
세종지구,경기도,여주시,,경기도 여주시 교동 500-105,37.27613754,127.626867,2025-04,,031-881-0125,여주세종지구 도시개발사업조합,773,,환지,2025-12-22,5700000,경기도 여주시
홍문1지구,경기도,여주시,,경기도 여주시 홍문동 336-1,37.28697717,127.6391975,2025-12,,062-719-3144,세종아이앤디,756,,수용,2025-12-22,5700000,경기도 여주시
홍문2지구,경기도,여주시,,경기도 여주시 홍문동 산12-1,37.28531281,127.6402456,2025-09,,02-6190-3878,한국투자부동산신탁주식회사,740,,수용,2025-12-22,5700000,경기도 여주시
